,country,1960,1961,1962,1963,1964,1965,1966,1967,1968,1969,1970,1971,1972,1973,1974,1975,1976,1977,1978,1979,1980,1981,1982,1983,1984,1985,1986,1987,1988,1989,1990,1991,1992,1993,1994,1995,1996,1997,1998,1999,2000,2001,2002,2003,2004,2005,2006,2007,2008,2009,2010,2011,2012,2013,2014,2015
0,Albania,,,,,,,,,,,,9129.550000000001,10071.58,8873.69,9036.51,9618.01,10362.33,10746.12,11746.300000000001,10048.320000000002,13374.5,11502.070000000002,11246.210000000001,11630.0,11862.6,10664.710000000001,11211.320000000002,10722.86,10792.640000000001,10420.480000000001,9455.19,6663.990000000001,4861.34,4791.56,5128.83,4849.71,5210.240000000001,4477.55,4966.01,6698.88,6745.400000000001,6943.110000000001,7675.8,7536.240000000001,8315.45,8373.6,8222.41,7908.400000000001,8268.93,8513.16,8478.27,8896.95,8001.4400000000005,9315.630000000001,9397.04,
1,Algeria,,,,,,,,,,,,2709.79,3058.69,3570.4100000000003,3733.2300000000005,3861.1600000000003,4291.47,4663.63,5582.400000000001,6861.700000000001,6780.290000000001,7152.450000000001,9024.880000000001,9455.19,9083.03,9199.33,10094.84,9687.79,9943.650000000001,9594.75,10013.43,10339.070000000002,10339.070000000002,10141.36,9583.12,9804.09,9327.26,9408.67,9594.75,10094.84,10118.1,10001.800000000001,10560.04,11083.390000000001,11071.76,11374.140000000001,11978.900000000001,12560.400000000001,12444.1,13374.5,12909.300000000001,13258.2,14304.900000000001,14537.500000000002,15467.900000000001,
2,Angola,,,,,,,,,,,,7408.31,7710.6900000000005,7396.68,7257.120000000001,6826.81,6501.17,6198.79,6594.21,6466.280000000001,6361.610000000001,6187.160000000001,5884.780000000001,5838.26,5687.070000000001,5826.63,5687.070000000001,5628.92,5652.18,5582.400000000001,5780.110000000001,5721.96,5570.77,5582.400000000001,5477.7300000000005,5303.280000000001,5280.02,5221.870000000001,5047.42,5128.83,5105.570000000001,5152.09,5210.240000000001,5442.84,5407.950000000001,5047.42,5338.17,5489.360000000001,5721.96,5989.450000000001,6059.2300000000005,6070.860000000001,6419.76,6210.42,6338.35,
3,Antigua and Barbuda,,,,,,,,,,,,,,,,,,,,,,,,,,,,,,,18375.4,,,,,,,,,,,,,,19538.4,19538.4,20119.9,20236.2,,,,,,,,
4,Argentina,,,,,,,,,,,,16165.7,16165.7,16514.600000000002,16630.9,16165.7,16514.600000000002,16630.9,16747.2,17445.0,17445.0,16747.2,16630.9,16630.9,16979.800000000003,15933.1,16630.9,17212.4,17561.300000000003,16863.5,16398.300000000003,16747.2,17328.7,17096.100000000002,18026.5,18026.5,18491.7,18840.600000000002,19305.800000000003,19422.100000000002,19422.100000000002,18259.100000000002,17561.300000000003,18608.0,20119.9,20003.600000000002,21515.5,21631.800000000003,22562.2,21748.100000000002,22445.9,22678.5,22562.2,22911.100000000002,23608.9,
5,Armenia,,,,,,,,,,,,,,,,,,,,,,,,,,,,,,,25353.4,26981.600000000002,13956.000000000002,7582.76,4884.6,5942.93,6536.06,6908.22,7094.3,6908.22,7629.280000000001,7640.910000000001,7187.34,7629.280000000001,8117.740000000001,9804.09,10059.95,11315.990000000002,11978.900000000001,10513.52,10036.69,10978.720000000001,11978.900000000001,11630.0,11862.6,
6,Australia,35587.8,36285.600000000006,36867.100000000006,38146.4,38960.5,40239.8,41286.5,42914.700000000004,43728.8,44077.700000000004,47217.8,46403.700000000004,46985.200000000004,49543.8,49892.700000000004,50590.5,51288.3,54312.100000000006,53846.9,54428.4,55126.200000000004,54544.700000000004,56056.600000000006,53032.8,54079.5,53498.0,53730.600000000006,55475.100000000006,54661.00000000001,58150.00000000001,58847.8,57335.9,57684.8,59894.50000000001,59196.700000000004,59661.9,62685.700000000004,63616.100000000006,64546.50000000001,65244.3,65593.20000000001,63383.50000000001,64779.100000000006,64779.100000000006,65128.00000000001,64662.8,66407.3,68268.1,69314.8,68151.8,67337.70000000001,66872.5,64895.4,63616.100000000006,61987.9,5480.0
7,Austria,18026.5,18026.5,19538.4,21166.600000000002,21631.800000000003,21515.5,22097.0,22329.600000000002,23841.5,25353.4,28144.600000000002,29191.300000000003,30586.9,32912.9,31749.9,30819.500000000004,33378.100000000006,32564.000000000004,33610.700000000004,36518.200000000004,35704.100000000006,33727.0,32912.9,33029.200000000004,34308.5,35471.5,35587.8,36867.100000000006,37216.0,36518.200000000004,37681.200000000004,39774.600000000006,37797.5,37913.8,37564.9,39193.100000000006,41635.4,41286.5,41984.3,41751.700000000004,41519.100000000006,43728.8,43845.100000000006,46171.100000000006,46636.3,47566.700000000004,47450.4,46752.600000000006,46868.9,44194.0,47101.5,45589.600000000006,45240.700000000004,45589.600000000006,43728.8,3800.0
8,Azerbaijan,,,,,,,,,,,,,,,,,,,,,,,,,,,,,,,36867.100000000006,35936.700000000004,28609.800000000003,25353.4,22678.5,21050.300000000003,17561.300000000003,16747.2,17328.7,15933.1,16282.000000000002,16398.300000000003,16398.300000000003,17212.4,17910.2,18608.0,18142.800000000003,16398.300000000003,17677.600000000002,15467.900000000001,14886.400000000001,15933.1,17096.100000000002,17096.100000000002,17445.0,
9,Bahamas,,,,,,,,,,,,,,,,,,,,,,,,,,,,,,,29307.600000000002,,,,,,,,,,,,,,24190.4,24888.2,24771.9,24423.0,,,,,,,,
10,Bahrain,,,,,,,,,,,,74315.70000000001,69431.1,98855.0,104786.3,93040.0,111415.40000000001,95249.70000000001,91179.20000000001,102460.3,90597.70000000001,96529.0,105484.1,98855.0,102692.90000000001,115369.6,119789.00000000001,110717.6,122115.00000000001,118626.00000000001,123278.00000000001,117463.00000000001,125604.00000000001,129093.00000000001,134908.0,132582.0,129093.00000000001,141886.0,144212.0,138397.0,139560.0,136071.0,133745.0,134908.0,126767.00000000001,136071.0,134908.0,130256.00000000001,131419.0,119789.00000000001,118626.00000000001,115253.3,112345.8,120952.00000000001,123278.00000000001,
11,Bangladesh,,,,,,,,,,,,1009.484,1024.603,1092.0570000000002,1110.665,1116.48,1161.8370000000002,1159.5110000000002,1163.0,1186.26,1232.78,1221.15,1256.0400000000002,1256.0400000000002,1232.78,1279.3000000000002,1325.8200000000002,1279.3000000000002,1360.71,1395.6000000000001,1430.49,1383.97,1430.49,1477.01,1511.9,1604.94,1581.68,1616.5700000000002,1651.46,1639.8300000000002,1663.0900000000001,1791.0200000000002,1791.0200000000002,1860.8000000000002,1860.8000000000002,1907.3200000000002,2011.9900000000002,2081.77,2163.1800000000003,2244.59,2407.4100000000003,2465.56,2558.6000000000004,2581.86,2663.27,
12,Barbados,,,,,,,,,,,,,,,,,,,,,,,,,,,,,,,14304.900000000001,,,,,,,,,,,,,,15816.800000000001,16398.300000000003,16630.9,16747.2,,,,,,,,
13,Belarus,,,,,,,,,,,,,,,,,,,,,,,,,,,,,,,51986.100000000006,50590.5,42100.600000000006,35820.4,30470.600000000002,28260.9,29075.000000000004,29191.300000000003,28726.100000000002,28028.300000000003,28609.800000000003,28958.7,29656.500000000004,30703.2,31982.500000000004,32215.100000000002,34541.100000000006,33959.600000000006,34075.9,32447.7,33727.0,36053.0,37448.600000000006,33494.4,34075.9,
14,Belgium,29307.600000000002,29889.100000000002,32680.300000000003,35355.200000000004,35122.600000000006,36285.600000000006,35471.5,36983.4,41751.700000000004,45124.4,48148.200000000004,47683.0,51986.100000000006,54893.600000000006,53730.600000000006,50241.600000000006,53730.600000000006,53381.700000000004,56172.9,57917.4,55126.200000000004,51404.600000000006,48962.3,48380.8,50357.9,51986.100000000006,53846.9,55009.9,55475.100000000006,55824.00000000001,55940.3,58266.3,58615.200000000004,56987.00000000001,60359.700000000004,61290.100000000006,64430.200000000004,64197.600000000006,65128.00000000001,65244.3,65942.1,65476.9,62685.700000000004,65011.700000000004,65011.700000000004,64662.8,63616.100000000006,62104.200000000004,63383.50000000001,60476.00000000001,64430.200000000004,59196.700000000004,56405.50000000001,58150.00000000001,54777.3,4690.0
15,Belize,,,,,,,,,,,,,,,,,,,,,,,,,,,,,,,6582.580000000001,,,,,,,,,,,,,,6524.43,6594.21,6861.700000000001,6919.85,,,,,,,,
16,Benin,,,,,,,,,,,,4314.7300000000005,4419.400000000001,4419.400000000001,4407.77,4431.030000000001,4186.8,4233.320000000001,4279.84,4244.950000000001,4233.320000000001,4105.39,4140.280000000001,4128.650000000001,4117.02,4198.43,4117.02,4047.2400000000002,4035.61,3930.94,3884.42,3814.6400000000003,3768.1200000000003,3721.6000000000004,3675.0800000000004,3640.19,4105.39,4128.650000000001,3954.2000000000003,4012.3500000000004,3361.07,3465.7400000000002,3605.3,3686.71,3733.2300000000005,3640.19,4175.17,4407.77,4384.51,4465.92,4617.110000000001,4617.110000000001,4652.0,4721.780000000001,4849.71,
17,Bhutan,,,,,,,,,,,,,,,,,,,,,,,,,,,,,,,1221.15,,,,,,,,,,,,,,3279.6600000000003,3651.82,3733.2300000000005,4268.21,,,,,,,,
18,Bolivia,,,,,,,,,,,,2593.4900000000002,2802.8300000000004,2895.8700000000003,3035.4300000000003,3442.48,3686.71,3861.1600000000003,4093.76,4407.77,5093.9400000000005,5233.5,5396.320000000001,5012.530000000001,4907.860000000001,4745.04,4396.14,3989.09,4070.5000000000005,4256.58,4419.400000000001,4465.92,4628.740000000001,4849.71,5221.870000000001,5745.22,6047.6,6466.280000000001,6408.13,6175.530000000001,6780.290000000001,5175.35,6082.490000000001,6210.42,6105.75,6547.6900000000005,8047.960000000001,6443.02,6733.77,6908.22,7396.68,7687.43,8699.24,8606.2,9048.140000000001,
19,Bosnia and Herzegovina,,,,,,,,,,,,,,,,,,,,,,,,,,,,,,,18259.100000000002,16863.5,12211.5,10571.67,4244.950000000001,4535.700000000001,5396.320000000001,8385.230000000001,10432.11,10292.550000000001,13490.800000000001,13025.6,13607.1,13607.1,14886.400000000001,15584.2,16398.300000000003,16398.300000000003,18491.7,19305.800000000003,20352.5,22678.5,21515.5,21166.600000000002,26167.5,
20,Botswana,,,,,,,,,,,,,,,,,,,,,,9431.93,9559.86,9327.26,9187.7,9362.150000000001,9873.87,9443.560000000001,10687.970000000001,11013.61,11013.61,10885.68,12211.5,11978.900000000001,11455.550000000001,11455.550000000001,10908.94,11188.060000000001,12327.800000000001,12444.1,12676.7,12560.400000000001,12560.400000000001,12327.800000000001,11862.6,12095.2,12211.5,12327.800000000001,12793.0,11746.300000000001,12560.400000000001,11978.900000000001,13374.5,13956.000000000002,15119.000000000002,
21,Brazil,,,,,,,,,,,,8327.08,8710.87,9327.26,9687.79,9885.5,10129.730000000001,10222.77,10618.19,11025.240000000002,10967.09,10280.92,10211.140000000001,10222.77,10641.45,11118.28,11397.400000000001,11606.740000000002,11548.59,11560.220000000001,10943.83,10955.460000000001,10885.68,10967.09,11362.51,11560.220000000001,11978.900000000001,12444.1,12560.400000000001,12560.400000000001,12444.1,12560.400000000001,12676.7,12676.7,13258.2,13490.800000000001,13723.400000000001,14421.2,15002.7,14421.2,15816.800000000001,15933.1,16398.300000000003,16979.800000000003,17445.0,
22,Brunei,,,,,,,,,,,,15235.300000000001,14421.2,26981.600000000002,44542.9,53265.4,67454.0,70245.20000000001,63267.200000000004,63616.100000000006,80944.8,75595.0,78851.40000000001,80944.8,90597.70000000001,92342.20000000001,78851.40000000001,78618.8,63499.8,71640.8,77572.1,85364.20000000001,89202.1,83503.40000000001,75362.40000000001,87922.8,86410.90000000001,87108.70000000001,84782.70000000001,84550.1,83270.8,75478.70000000001,72338.6,82456.70000000001,74315.70000000001,70594.1,98971.3,100134.3,108624.20000000001,92225.90000000001,96994.20000000001,114439.20000000001,111648.00000000001,87457.6,100832.1,
23,Bulgaria,,,,,,,,,,,,25934.9,26283.800000000003,27679.4,28609.800000000003,31052.100000000002,32331.4,34308.5,35820.4,37216.0,37216.0,37099.700000000004,38495.3,39193.100000000006,39425.700000000004,39774.600000000006,40123.5,39658.3,40588.700000000004,39890.9,37681.200000000004,29540.2,27912.000000000004,30121.7,29307.600000000002,31982.500000000004,31982.500000000004,29075.000000000004,28260.9,25934.9,26516.4,28144.600000000002,28028.300000000003,28958.7,28377.2,30238.000000000004,31284.7,31052.100000000002,30819.500000000004,27330.500000000004,28144.600000000002,30470.600000000002,29191.300000000003,27097.9,28842.4,
24,Cambodia,,,,,,,,,,,,,,,,,,,,,,,,,,,,,,,,,,,,3093.5800000000004,3140.1000000000004,3105.21,3442.48,3361.07,3268.03,3221.51,3675.0800000000004,3721.6000000000004,3012.17,3012.17,2954.02,2954.02,2919.13,4186.8,4303.1,4431.030000000001,4547.33,4617.110000000001,4849.71,
25,Cameroon,,,,,,,,,,,,4686.89,4663.63,4640.37,4640.37,4733.410000000001,4675.26,4861.34,4872.97,4907.860000000001,4931.12,5024.160000000001,5093.9400000000005,5105.570000000001,5117.200000000001,5152.09,5059.05,4989.27,4989.27,5012.530000000001,4919.490000000001,4814.820000000001,4733.410000000001,4756.67,4779.93,4733.410000000001,4721.780000000001,4733.410000000001,4745.04,4652.0,4733.410000000001,4663.63,4652.0,4710.150000000001,4721.780000000001,4628.740000000001,4291.47,3930.94,3861.1600000000003,4058.8700000000003,3977.4600000000005,3733.2300000000005,3744.86,3837.9,3896.05,
26,Canada,49427.5,50125.3,51753.5,54544.700000000004,56987.00000000001,59894.50000000001,61290.100000000006,64662.8,68268.1,70826.70000000001,75362.40000000001,74897.20000000001,79781.8,82340.40000000001,82456.70000000001,83387.1,84782.70000000001,86410.90000000001,87922.8,91411.8,91062.90000000001,87922.8,83387.1,82340.40000000001,85713.1,86876.1,87457.6,89202.1,91760.70000000001,92574.8,88736.90000000001,87457.6,88388.0,90365.1,92574.8,92807.40000000001,93621.5,93737.8,92458.5,94319.3,96180.1,93737.8,92923.70000000001,96994.20000000001,98389.8,97924.6,95831.20000000001,95482.3,95249.70000000001,90714.0,90597.70000000001,91993.3,89899.90000000001,90016.20000000001,91877.0,7630.0
27,Cape Verde,,,,,,,,,,,,,,,,,,,,,,,,,,,,,,,999.0170000000002,,,,,,,,,,,,,,2267.8500000000004,2488.82,2523.71,2523.71,,,,,,,,
28,Chile,,,,,,,,,,,,10176.25,10176.25,9629.640000000001,9408.67,8385.230000000001,8734.130000000001,8920.210000000001,9094.66,9478.45,9652.900000000001,9664.53,8745.76,8920.210000000001,9245.85,9094.66,9350.52,9501.710000000001,10583.300000000001,11630.0,12327.800000000001,12327.800000000001,13141.900000000001,13258.2,13956.000000000002,14886.400000000001,16165.7,17910.2,18259.100000000002,19189.5,19073.2,18491.7,18956.9,18956.9,20003.600000000002,20352.5,21050.300000000003,21515.5,21166.600000000002,20352.5,21050.300000000003,22678.5,24888.2,25586.0,23608.9,2010.0
29,China,,,,,,,,,,,,5407.950000000001,5547.51,5628.92,5652.18,6129.01,6245.31,6710.51,7175.71,7198.97,7082.67,6943.110000000001,7059.410000000001,7233.860000000001,7571.13,7652.540000000001,7803.7300000000005,8071.22,8373.6,8420.12,8920.210000000001,8571.310000000001,8757.390000000001,9164.44,9490.08,10083.210000000001,10257.66,10141.36,10106.470000000001,10222.77,10455.37,10804.27,11455.550000000001,13025.6,14770.1,16165.7,17677.600000000002,18956.9,19422.100000000002,20701.4,22678.5,24306.7,25120.800000000003,25702.300000000003,26051.2,
30,Colombia,,,,,,,,,,,,7326.900000000001,7164.080000000001,7047.780000000001,7292.01,7454.830000000001,7582.76,7640.910000000001,7443.200000000001,7105.93,7652.540000000001,7582.76,7629.280000000001,7710.6900000000005,7803.7300000000005,7757.210000000001,8280.560000000001,8385.230000000001,8466.640000000001,8373.6,8513.16,8431.75,8466.640000000001,8687.61,8827.17,8815.54,8873.69,8455.01,8710.87,7664.17,7571.13,7431.570000000001,7175.71,7210.6,7187.34,7385.05,7664.17,7524.610000000001,7780.47,7978.18,8024.700000000001,7954.920000000001,7966.55,8420.12,8420.12,
31,Comoros,,,,,,,,,,,,,,,,,,,,,,,,,,,,,,,504.742,,,,,,,,,,,,,,661.7470000000001,703.615,779.21,743.157,,,,,,,,
32,"Congo, Dem. Rep.",,,,,,,,,,,,3779.7500000000005,3768.1200000000003,3803.01,3803.01,3791.38,3744.86,3756.4900000000002,3744.86,3803.01,3733.2300000000005,3814.6400000000003,3733.2300000000005,3884.42,3977.4600000000005,3872.7900000000004,3849.53,3896.05,3930.94,3907.6800000000003,3965.8300000000004,3826.2700000000004,3744.86,3675.0800000000004,3558.78,3593.67,3605.3,3582.0400000000004,3582.0400000000004,3523.8900000000003,3430.8500000000004,3454.11,3465.7400000000002,3489.0000000000005,3512.26,3535.5200000000004,3558.78,3570.4100000000003,3582.0400000000004,3570.4100000000003,3570.4100000000003,3675.0800000000004,4407.77,4477.55,4524.070000000001,
33,"Congo, Rep.",,,,,,,,,,,,4326.360000000001,4349.62,4279.84,4233.320000000001,4186.8,4454.29,4117.02,4151.91,4023.9800000000005,4058.8700000000003,4058.8700000000003,4175.17,4547.33,4279.84,4326.360000000001,4140.280000000001,4093.76,3872.7900000000004,3919.3100000000004,3884.42,3942.57,3791.38,3709.9700000000003,3116.84,3454.11,3163.36,2942.3900000000003,2860.98,2733.05,2640.01,2872.61,2814.46,3233.1400000000003,3326.1800000000003,3489.0000000000005,4407.77,3779.7500000000005,3907.6800000000003,4314.7300000000005,4558.96,5908.04,6594.21,6605.84,6454.650000000001,
34,Costa Rica,,,,,,,,,,,,4954.38,5163.72,5477.7300000000005,5233.5,5524.25,5431.21,6163.900000000001,6489.540000000001,6524.43,6117.38,5594.030000000001,5303.280000000001,5082.31,5361.43,5373.06,5477.7300000000005,5687.070000000001,5675.4400000000005,6163.900000000001,6256.9400000000005,6466.280000000001,8129.370000000001,8082.85,7768.84,7733.950000000001,7582.76,7501.35,7292.01,7873.51,8431.75,8338.710000000001,8629.460000000001,9117.92,10641.45,10490.26,11199.69,11862.6,11978.900000000001,11746.300000000001,11862.6,11630.0,11746.300000000001,11862.6,11862.6,
35,Cote d'Ivoire,,,,,,,,,,,,5361.43,5431.21,5361.43,5338.17,5373.06,5524.25,5384.6900000000005,5500.990000000001,5326.54,5175.35,4931.12,4698.52,4396.14,4291.47,4337.990000000001,4628.740000000001,4558.96,4477.55,4465.92,4233.320000000001,4210.06,4419.400000000001,4419.400000000001,4384.51,4221.6900000000005,4593.85,4535.700000000001,4396.14,5093.9400000000005,4803.1900000000005,4500.81,4710.150000000001,4361.25,6012.71,6094.120000000001,5861.52,6175.530000000001,6070.860000000001,5431.21,5756.85,6443.02,6815.18,7129.1900000000005,7129.1900000000005,
36,Croatia,,,,,,,,,,,,,,,,,,,,,,,,,,,,,,,23027.4,20236.2,18956.9,19538.4,18956.9,19654.7,20585.100000000002,21864.4,22678.5,22445.9,21864.4,23492.600000000002,24190.4,25934.9,25934.9,26283.800000000003,26167.5,27214.2,26516.4,25702.300000000003,25469.7,24888.2,23492.600000000002,23027.4,22097.0,
37,Cuba,,,,,,,,,,,,13723.400000000001,13025.6,13723.400000000001,14304.900000000001,14421.2,15002.7,16165.7,16979.800000000003,17328.7,17328.7,17328.7,17445.0,18375.4,17793.9,17561.300000000003,17445.0,17910.2,18724.300000000003,20236.2,19073.2,15700.500000000002,13723.400000000001,11362.51,11630.0,11606.740000000002,12560.400000000001,12909.300000000001,11978.900000000001,12444.1,13258.2,12909.300000000001,12095.2,11978.900000000001,11630.0,11013.61,11001.980000000001,10478.630000000001,11141.54,11862.6,12793.0,11978.900000000001,12444.1,11862.6,11978.900000000001,
38,Cyprus,,,,,,,,,,,,11001.980000000001,13839.7,14304.900000000001,10757.75,10106.470000000001,11606.740000000002,12444.1,13025.6,14072.300000000001,14653.800000000001,14304.900000000001,14537.500000000002,15002.7,15467.900000000001,15235.300000000001,16979.800000000003,19073.2,19073.2,19538.4,20701.4,20701.4,22794.800000000003,23957.800000000003,26749.0,23027.4,25120.800000000003,24074.100000000002,25237.100000000002,25004.5,26400.100000000002,25586.0,25469.7,27330.500000000004,25120.800000000003,25120.800000000003,25702.300000000003,26632.7,27795.7,26749.0,25586.0,24539.300000000003,22794.800000000003,19654.7,19887.300000000003,
39,Czech Republic,,,,,,,,,,,,53730.600000000006,53614.3,52916.5,48729.700000000004,50474.200000000004,51637.200000000004,54893.600000000006,51520.9,54661.00000000001,53032.8,53149.100000000006,53846.9,54079.5,55126.200000000004,55358.8,56289.200000000004,57917.4,56754.4,55126.200000000004,55824.00000000001,50590.5,49078.600000000006,47566.700000000004,46054.8,46752.600000000006,48264.5,48613.4,47217.8,43961.4,46403.700000000004,47799.3,48380.8,50706.8,51869.8,51172.0,52218.700000000004,51986.100000000006,50357.9,46868.9,49311.200000000004,47450.4,47101.5,46403.700000000004,45589.600000000006,3860.0
40,Denmark,22329.600000000002,23492.600000000002,26749.0,29075.000000000004,30238.000000000004,32796.600000000006,35704.100000000006,35587.8,37216.0,43031.0,46171.100000000006,43379.9,44891.8,43961.4,40588.700000000004,40123.5,43612.5,44542.9,45240.700000000004,46752.600000000006,43496.200000000004,39309.4,39774.600000000006,37564.9,38960.5,43845.100000000006,44426.600000000006,44426.600000000006,42333.200000000004,39658.3,39309.4,43379.9,41402.8,42449.5,43728.8,43147.3,48497.100000000006,44775.5,43845.100000000006,41868.0,40588.700000000004,41635.4,41170.200000000004,43379.9,41868.0,40588.700000000004,43379.9,42100.600000000006,40705.0,38727.9,40821.3,37564.9,35936.700000000004,36401.9,33378.100000000006,2820.0
41,Djibouti,,,,,,,,,,,,,,,,,,,,,,,,,,,,,,,2558.6000000000004,,,,,,,,,,,,,,2000.3600000000001,2058.51,2093.4,2070.1400000000003,,,,,,,,
42,Dominica,,,,,,,,,,,,,,,,,,,,,,,,,,,,,,,3500.63,,,,,,,,,,,,,,6443.02,6757.030000000001,6908.22,7059.410000000001,,,,,,,,
43,Dominican Republic,,,,,,,,,,,,5884.780000000001,6675.620000000001,6826.81,7001.26,6966.370000000001,7012.89,7001.26,7012.89,7117.56,6884.96,6966.370000000001,6954.740000000001,7233.860000000001,7466.460000000001,6094.120000000001,6198.79,6884.96,6454.650000000001,6245.31,6547.6900000000005,6477.910000000001,7047.780000000001,6698.88,7559.500000000001,7803.7300000000005,8013.070000000001,8792.28,9141.18,9362.150000000001,9908.76,9466.820000000002,9908.76,9245.85,8245.67,8838.800000000001,9036.51,9071.400000000001,8978.36,8699.24,9036.51,9083.03,9478.45,8838.800000000001,8745.76,
44,Ecuador,,,,,,,,,,,,4163.54,4198.43,4140.280000000001,4872.97,5221.870000000001,5652.18,6594.21,6617.47,6803.55,7268.750000000001,7373.42,7733.950000000001,6989.63,7303.64,7198.97,7001.26,6989.63,7152.450000000001,6675.620000000001,7198.97,7385.05,7315.27,6663.990000000001,6978.000000000001,7989.81,8234.04,8373.6,8431.75,7431.570000000001,8082.85,8420.12,8082.85,8059.59,7652.540000000001,7850.250000000001,7757.210000000001,8629.460000000001,7815.360000000001,9164.44,9117.92,9513.34,9245.85,9815.720000000001,10339.070000000002,
45,Egypt,,,,,,,,,,,,2570.23,2767.94,2523.71,2767.94,2954.02,3361.07,3593.67,3616.9300000000003,3884.42,4058.8700000000003,4605.4800000000005,4919.490000000001,5314.910000000001,5745.22,6059.2300000000005,6059.2300000000005,6280.200000000001,6256.9400000000005,6512.8,6687.25,6536.06,6559.320000000001,6663.990000000001,6291.830000000001,6559.320000000001,6815.18,6954.740000000001,7315.27,7326.900000000001,6861.700000000001,7559.500000000001,7652.540000000001,7792.1,8268.93,9466.820000000002,9827.35,10339.070000000002,10560.04,10594.93,10199.51,10478.630000000001,10536.78,9873.87,9618.01,
46,El Salvador,,,,,,,,,,,,5407.950000000001,5628.92,5803.370000000001,5803.370000000001,6326.72,7140.820000000001,7222.2300000000005,7489.72,7175.71,6384.870000000001,6780.290000000001,6896.59,6536.06,6582.580000000001,6187.160000000001,5303.280000000001,5838.26,5373.06,5442.84,5442.84,5908.04,6082.490000000001,6315.09,6605.84,6943.110000000001,6559.320000000001,7187.34,7326.900000000001,7547.870000000001,7838.620000000001,8141.000000000001,8257.300000000001,8571.310000000001,8455.01,8664.35,9059.77,8524.79,8536.42,7954.920000000001,7989.81,8036.330000000001,7873.51,7408.31,7512.9800000000005,
47,Equatorial Guinea,,,,,,,,,,,,,,,,,,,,,,,,,,,,,,,,,,,,,,,,,,,,,12327.800000000001,19422.100000000002,22329.600000000002,24888.2,,,,,,,,
48,Eritrea,,,,,,,,,,,,,,,,,,,,,,,,,,,,,,,,,4524.070000000001,4779.93,4977.64,5268.39,5547.51,5512.620000000001,3570.4100000000003,3651.82,3593.67,3628.5600000000004,3512.26,3582.0400000000004,3174.9900000000002,3140.1000000000004,2767.94,2779.57,2558.6000000000004,2686.53,2721.42,2744.6800000000003,,,,
49,Estonia,,,,,,,,,,,,,,,,,,,,,,,,,,,,,,,72454.90000000001,67919.20000000001,49776.4,42333.200000000004,43612.5,42100.600000000006,46985.200000000004,46636.3,43031.0,40239.8,39193.100000000006,41170.200000000004,39774.600000000006,44194.0,45240.700000000004,44775.5,43961.4,49311.200000000004,47799.3,42449.5,49078.600000000006,49311.200000000004,48497.100000000006,53730.600000000006,53381.700000000004,4170.0
50,Ethiopia,,,,,,,,,,,,5535.88,5512.620000000001,5512.620000000001,5512.620000000001,5489.360000000001,5489.360000000001,5489.360000000001,5512.620000000001,5524.25,5524.25,5535.88,5524.25,5524.25,5512.620000000001,5512.620000000001,5524.25,5559.14,5547.51,5559.14,5570.77,5559.14,5500.990000000001,5524.25,5547.51,5559.14,5570.77,5559.14,5559.14,5559.14,5559.14,5605.660000000001,5617.29,5628.92,5640.55,5617.29,5628.92,5652.18,5663.81,5663.81,5663.81,5687.070000000001,5687.070000000001,5721.96,5733.59,
51,Fiji,,,,,,,,,,,,,,,,,,,,,,,,,,,,,,,4558.96,,,,,,,,,,,,,,9466.820000000002,8187.52,7850.250000000001,7292.01,,,,,,,,
52,Finland,25586.0,26167.5,27446.800000000003,28842.4,31168.4,33610.700000000004,35704.100000000006,36401.9,38844.200000000004,42682.100000000006,45008.100000000006,45822.200000000004,48729.700000000004,52451.3,50939.4,48613.4,51869.8,52567.600000000006,54195.8,57684.8,59894.50000000001,57335.9,55940.3,56056.600000000006,57103.3,61290.100000000006,63732.4,69314.8,65011.700000000004,66872.5,66174.70000000001,66756.20000000001,62569.4,65360.600000000006,69431.1,65825.8,70594.1,73036.40000000001,73501.6,73036.40000000001,72803.8,74548.3,78269.90000000001,82340.40000000001,82921.90000000001,76292.8,82689.3,81061.1,77572.1,72920.1,79432.90000000001,76060.20000000001,73036.40000000001,71175.6,72222.3,5920.0
53,France,19771.0,20352.5,21631.800000000003,23027.4,24306.7,24539.300000000003,24655.600000000002,26167.5,27446.800000000003,29540.2,34308.5,35238.9,36867.100000000006,39425.700000000004,37797.5,35587.8,37797.5,36867.100000000006,39193.100000000006,40705.0,40472.4,39309.4,38146.4,38960.5,40123.5,41868.0,42216.9,43031.0,42682.100000000006,44194.0,44775.5,46985.200000000004,45938.5,46520.0,44659.200000000004,46287.4,48729.700000000004,47101.5,48264.5,47915.600000000006,48148.200000000004,49427.5,49194.9,49660.100000000006,50009.0,49892.700000000004,48729.700000000004,47915.600000000006,47799.3,45473.3,46752.600000000006,44775.5,44659.200000000004,44542.9,42565.8,3690.0
54,Gabon,,,,,,,,,,,,20701.4,19887.300000000003,26981.600000000002,28842.4,23376.300000000003,21864.4,23376.300000000003,25934.9,22445.9,21980.7,24074.100000000002,24190.4,24190.4,21980.7,19073.2,18608.0,17212.4,17677.600000000002,15933.1,14421.2,14537.500000000002,15119.000000000002,15584.2,13490.800000000001,14421.2,14537.500000000002,14421.2,15002.7,14188.6,13956.000000000002,14537.500000000002,17212.4,19771.0,22329.600000000002,25120.800000000003,27446.800000000003,29772.800000000003,31633.600000000002,33494.4,36401.9,28260.9,24074.100000000002,33843.3,31284.7,
55,Gambia,,,,,,,,,,,,,,,,,,,,,,,,,,,,,,,752.4610000000001,,,,,,,,,,,,,,839.686,814.1,832.708,943.193,,,,,,,,
56,Georgia,,,,,,,,,,,,,,,,,,,,,,,,,,,,,,,30121.7,24190.4,20701.4,18026.5,11269.470000000001,9304.0,9699.42,8792.28,8327.08,7780.47,8187.52,7443.200000000001,7431.570000000001,7966.55,8234.04,8466.640000000001,9083.03,10071.58,9083.03,9443.560000000001,9594.75,10978.720000000001,11560.220000000001,12211.5,13723.400000000001,
57,Germany,22678.5,23143.7,24655.600000000002,26516.4,27214.2,27679.4,27795.7,27795.7,29772.800000000003,32215.100000000002,44891.8,45357.0,46752.600000000006,49311.200000000004,48380.8,46287.4,50125.3,50474.200000000004,52102.4,54544.700000000004,53032.8,51172.0,49543.8,49660.100000000006,51753.5,53498.0,53381.700000000004,53730.600000000006,53846.9,52451.3,51404.600000000006,50009.0,48729.700000000004,47915.600000000006,47566.700000000004,47915.600000000006,49427.5,48846.0,48613.4,47450.4,47566.700000000004,48962.3,47799.3,47450.4,47799.3,47566.700000000004,48846.0,46403.700000000004,46985.200000000004,44077.700000000004,46520.0,45008.100000000006,45124.4,45822.200000000004,43961.4,3820.0
58,Ghana,,,,,,,,,,,,3884.42,3989.09,4117.02,4210.06,4256.58,4175.17,4349.62,4256.58,4210.06,4233.320000000001,4314.7300000000005,4314.7300000000005,3547.15,3675.0800000000004,3954.2000000000003,4000.7200000000003,4210.06,4000.7200000000003,4198.43,4163.54,4186.8,4210.06,4291.47,4337.990000000001,4419.400000000001,4454.29,4547.33,4686.89,4745.04,3791.38,3721.6000000000004,3605.3,3326.1800000000003,3244.7700000000004,3140.1000000000004,3256.4,3174.9900000000002,3093.5800000000004,3268.03,3477.3700000000003,3616.9300000000003,3826.2700000000004,3907.6800000000003,3861.1600000000003,
59,Greece,3361.07,3744.86,4070.5000000000005,4279.84,5047.42,5570.77,6361.610000000001,7071.040000000001,7582.76,8443.380000000001,10152.99,11443.92,13141.900000000001,15351.6,14653.800000000001,15119.000000000002,16165.7,17096.100000000002,17793.9,18608.0,18026.5,17561.300000000003,17910.2,18608.0,19189.5,20585.100000000002,19422.100000000002,20817.7,22097.0,24306.7,24423.0,24306.7,24771.9,24306.7,24888.2,25004.5,25702.300000000003,26516.4,27795.7,27795.7,29191.300000000003,30005.4,30238.000000000004,31052.100000000002,31517.300000000003,31982.500000000004,31866.2,31749.9,31982.500000000004,30819.500000000004,28842.4,28028.300000000003,27912.000000000004,24771.9,24655.600000000002,2180.0
60,Grenada,,,,,,,,,,,,,,,,,,,,,,,,,,,,,,,5128.83,,,,,,,,,,,,,,8245.67,8780.650000000001,8978.36,8955.1,,,,,,,,
61,Guatemala,,,,,,,,,,,,5500.990000000001,5524.25,5617.29,5617.29,6024.34,6280.200000000001,6501.17,6489.540000000001,6722.14,6059.2300000000005,5745.22,5500.990000000001,5186.9800000000005,5349.8,5326.54,4989.27,5152.09,5233.5,5303.280000000001,5535.88,5559.14,5733.59,5582.400000000001,5745.22,5942.93,5977.820000000001,6117.38,6501.17,6978.000000000001,7024.52,7012.89,6908.22,7012.89,7047.780000000001,6931.4800000000005,6873.330000000001,7222.2300000000005,6768.660000000001,7606.02,8106.110000000001,8478.27,8431.75,8978.36,9652.900000000001,
62,Guinea-Bissau,,,,,,,,,,,,,,,,,,,,,,,,,,,,,,,889.695,,,,,,,,,,,,,,761.7650000000001,752.4610000000001,759.439,782.6990000000001,,,,,,,,
63,Guyana,,,,,,,,,,,,,,,,,,,,,,,,,,,,,,,5977.820000000001,,,,,,,,,,,,,,7466.460000000001,7710.6900000000005,7792.1,7792.1,,,,,,,,
64,Haiti,,,,,,,,,,,,3675.0800000000004,3721.6000000000004,3756.4900000000002,3849.53,3919.3100000000004,4070.5000000000005,4117.02,4198.43,4268.21,4291.47,3489.0000000000005,3535.5200000000004,3558.78,3500.63,3454.11,2628.38,2651.6400000000003,2686.53,2686.53,2581.86,2523.71,2570.23,2442.3,2198.07,2546.9700000000003,2860.98,2965.65,2919.13,2907.5,2767.94,2779.57,3070.32,2895.8700000000003,2942.3900000000003,4303.1,4361.25,4500.81,4489.18,4477.55,4442.66,4524.070000000001,4617.110000000001,4582.22,4582.22,
65,Honduras,,,,,,,,,,,,5768.4800000000005,5733.59,5780.110000000001,5698.700000000001,5675.4400000000005,5733.59,5884.780000000001,5849.89,5861.52,5919.67,5698.700000000001,5989.450000000001,5698.700000000001,5652.18,5431.21,5419.58,5547.51,5640.55,5710.330000000001,5582.400000000001,5477.7300000000005,5547.51,5512.620000000001,5570.77,5756.85,5617.29,5954.56,6222.05,5314.910000000001,5291.650000000001,5559.14,5628.92,5966.1900000000005,6280.200000000001,6408.13,6082.490000000001,6989.63,6780.290000000001,6361.610000000001,6384.870000000001,6943.110000000001,6896.59,6873.330000000001,6954.740000000001,
66,Hungary,,,,,,16630.9,16863.5,17212.4,17561.300000000003,18724.300000000003,20119.9,21399.2,21864.4,23725.2,24423.0,25237.100000000002,26865.300000000003,28260.9,31052.100000000002,30703.2,30819.500000000004,30586.9,30586.9,30121.7,31401.000000000004,32447.7,32447.7,33610.700000000004,33261.8,33378.100000000006,32215.100000000002,30703.2,28144.600000000002,28842.4,28028.300000000003,29075.000000000004,29889.100000000002,29423.9,29075.000000000004,28958.7,28493.500000000004,29191.300000000003,29307.600000000002,30005.4,30005.4,31749.9,31517.300000000003,30935.800000000003,30703.2,28842.4,29889.100000000002,29075.000000000004,27563.100000000002,26400.100000000002,26865.300000000003,2430.0
67,Iceland,35820.4,33959.600000000006,35238.9,38146.4,38495.3,40007.200000000004,42333.200000000004,41751.700000000004,45589.600000000006,41286.5,49194.9,50939.4,51172.0,61290.100000000006,59661.9,58964.100000000006,59196.700000000004,65128.00000000001,66407.3,75827.6,76292.8,83503.40000000001,82340.40000000001,84317.5,87573.90000000001,85247.90000000001,88504.3,91411.8,91644.40000000001,92807.40000000001,103623.3,93621.5,90248.8,95947.5,96412.70000000001,96063.8,102925.5,99785.40000000001,105135.20000000001,116300.00000000001,129093.00000000001,123278.00000000001,125604.00000000001,124441.00000000001,122115.00000000001,122115.00000000001,147701.0,170961.0,190732.0,196547.0,197710.0,211666.0,204688.0,211666.0,208177.0,17500.0
68,India,,,,,,,,,,,,3105.21,3105.21,3128.4700000000003,3174.9900000000002,3209.88,3256.4,3279.6600000000003,3244.7700000000004,3326.1800000000003,3326.1800000000003,3419.2200000000003,3465.7400000000002,3500.63,3558.78,3663.4500000000003,3709.9700000000003,3768.1200000000003,3884.42,3989.09,4070.5000000000005,4151.91,4221.6900000000005,4244.950000000001,4314.7300000000005,4477.55,4524.070000000001,4617.110000000001,4640.37,4826.450000000001,4849.71,4838.08,4896.2300000000005,4931.12,5117.200000000001,5233.5,5419.58,5640.55,5838.26,6338.35,6536.06,6722.14,6966.370000000001,7047.780000000001,7408.31,
69,Indonesia,,,,,,,,,,,,3454.11,3500.63,3570.4100000000003,3605.3,3663.4500000000003,3733.2300000000005,4047.2400000000002,4233.320000000001,4326.360000000001,4396.14,4512.4400000000005,4524.070000000001,4500.81,4582.22,4640.37,5012.530000000001,5082.31,5117.200000000001,5314.910000000001,6326.72,6524.43,6687.25,7222.2300000000005,7117.56,7722.320000000001,7885.14,8036.330000000001,7745.580000000001,8001.4400000000005,8559.68,8641.09,8838.800000000001,8745.76,9199.33,9234.220000000001,9327.26,9164.44,9222.59,9838.980000000001,10199.51,9699.42,9920.390000000001,10048.320000000002,10280.92,
70,Iran,,,,,,,,,,,,6594.21,6291.830000000001,7768.84,8978.36,9466.820000000002,10443.740000000002,11339.25,10629.820000000002,11630.0,11455.550000000001,12444.1,13956.000000000002,11409.03,12793.0,13258.2,12793.0,12560.400000000001,12327.800000000001,14072.300000000001,14304.900000000001,15467.900000000001,16049.400000000001,16979.800000000003,18608.0,19189.5,18259.100000000002,20119.9,20236.2,22678.5,21748.100000000002,23376.300000000003,23841.5,24306.7,26283.800000000003,28842.4,29772.800000000003,31168.4,33029.200000000004,32564.000000000004,32215.100000000002,32447.7,33378.100000000006,33610.700000000004,35587.8,
71,Iraq,,,,,,,,,,,,4558.96,4698.52,4942.75,5198.610000000001,6059.2300000000005,7268.750000000001,7268.750000000001,8036.330000000001,9292.37,8280.560000000001,7966.55,8036.330000000001,9431.93,9722.68,11001.980000000001,11630.0,11304.36,13374.5,14421.2,13374.5,10373.960000000001,15002.7,18956.9,20817.7,19422.100000000002,18840.600000000002,21748.100000000002,15002.7,11246.210000000001,12793.0,13956.000000000002,12909.300000000001,11502.070000000002,11536.960000000001,11420.660000000002,10571.67,10571.67,11257.84,13258.2,14653.800000000001,15584.2,16747.2,17328.7,16747.2,
72,Ireland,15351.6,16282.000000000002,16398.300000000003,16863.5,17677.600000000002,17561.300000000003,18956.9,20585.100000000002,21864.4,22911.100000000002,23492.600000000002,26167.5,25469.7,26051.2,26400.100000000002,24190.4,24539.300000000003,25586.0,25353.4,29423.9,28028.300000000003,27795.7,27446.800000000003,27214.2,27330.500000000004,28377.2,29075.000000000004,30354.300000000003,30121.7,30935.800000000003,32796.600000000006,32912.9,32331.4,32680.300000000003,34192.200000000004,34308.5,36285.600000000006,37913.8,39774.600000000006,41170.200000000004,42216.9,43147.3,42565.8,40937.600000000006,41402.8,40705.0,39774.600000000006,39774.600000000006,38262.700000000004,36634.5,36634.5,33378.100000000006,33145.5,32680.300000000003,31866.2,2820.0
73,Israel,,,,,,,,,,,,21748.100000000002,20468.800000000003,27563.100000000002,20119.9,23608.9,21282.9,20817.7,21515.5,23376.300000000003,23492.600000000002,21399.2,22794.800000000003,20817.7,21282.9,20817.7,24423.0,26516.4,28493.500000000004,28958.7,28609.800000000003,26981.600000000002,30005.4,30586.9,31866.2,32564.000000000004,32564.000000000004,33494.4,33610.700000000004,31866.2,33727.0,34541.100000000006,33261.8,34308.5,32796.600000000006,30935.800000000003,33494.4,33727.0,36401.9,33378.100000000006,35355.200000000004,34657.4,35704.100000000006,33378.100000000006,32098.800000000003,2780.0
74,Italy,9245.85,10362.33,11746.300000000001,13025.6,14188.6,15351.6,16630.9,18026.5,19771.0,21282.9,23608.9,22678.5,23841.5,25353.4,25702.300000000003,24539.300000000003,26283.800000000003,25586.0,26167.5,27214.2,26981.600000000002,26400.100000000002,25702.300000000003,25586.0,26167.5,26516.4,26865.300000000003,28028.300000000003,28609.800000000003,29889.100000000002,30005.4,30819.500000000004,30586.9,30354.300000000003,30005.4,32564.000000000004,32564.000000000004,32912.9,33843.3,34424.8,35006.3,35122.600000000006,35355.200000000004,36867.100000000006,36867.100000000006,37332.3,36983.4,36634.5,35936.700000000004,33378.100000000006,34075.9,32912.9,31517.300000000003,30005.4,28028.300000000003,2480.0
75,Jamaica,,,,,,,,,,,,12327.800000000001,15467.900000000001,17212.4,15933.1,15351.6,13723.400000000001,13258.2,13607.1,13956.000000000002,12211.5,12327.800000000001,11862.6,10246.03,10118.1,8582.94,8641.09,8803.91,8931.84,11129.91,13374.5,13374.5,13956.000000000002,13839.7,13956.000000000002,14653.800000000001,15351.6,15235.300000000001,15584.2,15933.1,16747.2,16630.9,15351.6,15933.1,16049.400000000001,15816.800000000001,17561.300000000003,17561.300000000003,14770.1,12560.400000000001,11060.130000000001,11746.300000000001,11327.62,11746.300000000001,11362.51,
76,Japan,10164.62,11199.69,11630.0,13258.2,14653.800000000001,15816.800000000001,17212.4,20003.600000000002,22562.2,25469.7,28609.800000000003,29423.9,31052.100000000002,34424.8,33959.600000000006,31749.9,33494.4,33727.0,33727.0,35355.200000000004,34308.5,33261.8,33029.200000000004,32796.600000000006,35122.600000000006,35006.3,35122.600000000006,35355.200000000004,37681.200000000004,38960.5,41286.5,41635.4,42449.5,42565.8,44775.5,45822.200000000004,46636.3,46985.200000000004,46054.8,46636.3,47450.4,46636.3,46403.700000000004,45938.5,47450.4,47217.8,47101.5,46636.3,44891.8,42798.4,45240.700000000004,41984.3,41170.200000000004,41519.100000000006,40356.100000000006,3430.0
77,Jordan,,,,,,,,,,,,3163.36,3326.1800000000003,3663.4500000000003,3756.4900000000002,4244.950000000001,5303.280000000001,5280.02,6315.09,6303.46,7443.200000000001,8943.470000000001,9780.83,10187.880000000001,10757.75,10501.890000000001,10827.53,11060.130000000001,10536.78,10164.62,10676.34,10467.0,11118.28,10420.480000000001,10641.45,10897.310000000001,10850.79,10815.900000000001,10967.09,10746.12,11048.5,10734.490000000002,11071.76,11071.76,12909.300000000001,13490.800000000001,13258.2,13374.5,12560.400000000001,12560.400000000001,11374.140000000001,10722.86,11281.1,10548.41,10664.710000000001,
78,Kazakhstan,,,,,,,,,,,,,,,,,,,,,,,,,,,,,,,52218.700000000004,53032.8,55824.00000000001,46752.600000000006,41984.3,38379.0,33843.3,30005.4,30354.300000000003,28028.300000000003,27912.000000000004,26981.600000000002,31052.100000000002,33610.700000000004,39309.4,39076.8,46636.3,49660.100000000006,51869.8,45822.200000000004,49194.9,54312.100000000006,51172.0,55707.700000000004,51520.9,
79,Kenya,,,,,,,,,,,,5256.76,5303.280000000001,5245.13,5245.13,5175.35,5233.5,5291.650000000001,5245.13,5233.5,5221.870000000001,5175.35,5070.68,4966.01,5059.05,5082.31,5338.17,5361.43,5303.280000000001,5314.910000000001,5256.76,5175.35,5140.46,5105.570000000001,5012.530000000001,5093.9400000000005,5128.83,5047.42,5082.31,5059.05,5093.9400000000005,5024.160000000001,4954.38,4931.12,5047.42,5082.31,5152.09,5117.200000000001,5163.72,5314.910000000001,5396.320000000001,5361.43,5291.650000000001,5454.47,5884.780000000001,
80,Kiribati,,,,,,,,,,,,,,,,,,,,,,,,,,,,,,,1142.066,,,,,,,,,,,,,,1028.092,1008.3210000000001,1232.78,1325.8200000000002,,,,,,,,
81,Kuwait,,,,,,,,,,,,89202.1,92342.20000000001,91528.1,82340.40000000001,73734.20000000001,75362.40000000001,76525.40000000001,78618.8,93621.5,88853.20000000001,83154.5,88388.0,89783.6,88736.90000000001,93970.40000000001,96412.70000000001,99087.6,115253.3,131419.0,50590.5,15467.900000000001,,,,107112.3,103972.20000000001,99901.70000000001,106647.1,107344.90000000001,106414.5,110485.00000000001,111764.3,117463.00000000001,123278.00000000001,134908.0,125604.00000000001,122115.00000000001,125604.00000000001,129093.00000000001,124441.00000000001,118626.00000000001,129093.00000000001,115253.3,106763.40000000001,
82,Kyrgyz Republic,,,,,,,,,,,,,,,,,,,,,,,,,,,,,,,19771.0,17677.600000000002,12793.0,9966.91,7198.97,6082.490000000001,6931.4800000000005,6419.76,6733.77,5791.740000000001,5500.990000000001,5070.68,5640.55,5942.93,5791.740000000001,5803.370000000001,5640.55,6524.43,6908.22,6233.68,5873.150000000001,6978.000000000001,8571.310000000001,8024.700000000001,7559.500000000001,
83,Latvia,,,,,,,,,,,,,,,,,,,,,,,,,,,,,,,34308.5,32447.7,27214.2,23957.800000000003,21980.7,21515.5,21399.2,21166.600000000002,20934.0,19305.800000000003,18840.600000000002,20468.800000000003,20468.800000000003,21980.7,22794.800000000003,23492.600000000002,24539.300000000003,25353.4,24539.300000000003,23957.800000000003,25004.5,24074.100000000002,25237.100000000002,25120.800000000003,25353.4,
84,Lebanon,,,,,,,,,,,,9129.550000000001,9176.07,11141.54,11211.320000000002,9769.2,10397.220000000001,8106.110000000001,9687.79,10455.37,11106.650000000001,10571.67,7966.55,8582.94,8699.24,10211.140000000001,11292.730000000001,11618.37,8571.310000000001,8361.970000000001,8106.110000000001,9629.640000000001,9269.11,12560.400000000001,13141.900000000001,14537.500000000002,15002.7,16747.2,16282.000000000002,16747.2,14886.400000000001,15351.6,14537.500000000002,13839.7,13490.800000000001,12444.1,11746.300000000001,10304.18,13258.2,16049.400000000001,15002.7,14188.6,15002.7,13956.000000000002,13956.000000000002,
85,Lesotho,,,,,,,,,,,,,,,,,,,,,,,,,,,,,,,,,,,,,,,,,,,,,162.82000000000002,191.895,111.06650000000002,111.18280000000001,,,,,,,,
86,Libya,,,,,,,,,,,,8199.150000000001,10978.720000000001,12444.1,13258.2,16165.7,14072.300000000001,16747.2,18259.100000000002,19771.0,25469.7,26400.100000000002,27679.4,27214.2,28144.600000000002,30470.600000000002,29307.600000000002,31168.4,29191.300000000003,30819.500000000004,29307.600000000002,28958.7,28144.600000000002,28609.800000000003,31633.600000000002,32912.9,34308.5,34308.5,34192.200000000004,33261.8,34308.5,34890.0,35704.100000000006,36053.0,36518.200000000004,35704.100000000006,35471.5,32564.000000000004,34192.200000000004,36634.5,38960.5,25469.7,31866.2,35704.100000000006,32680.300000000003,
87,Lithuania,,,,,,,,,,,,,,,,,,,,,,,,,,,,,,,50474.200000000004,53498.0,34657.4,28726.100000000002,25818.600000000002,27912.000000000004,30354.300000000003,28958.7,30586.9,26283.800000000003,23725.2,27679.4,29889.100000000002,31517.300000000003,32331.4,30935.800000000003,31052.100000000002,34075.9,34657.4,32215.100000000002,26516.4,28028.300000000003,28726.100000000002,27446.800000000003,27795.7,
88,Luxembourg,122115.00000000001,122115.00000000001,120952.00000000001,122115.00000000001,130256.00000000001,126767.00000000001,122115.00000000001,120952.00000000001,129093.00000000001,139560.0,140723.0,138397.0,139560.0,146538.0,151190.0,122115.00000000001,124441.00000000001,119789.00000000001,129093.00000000001,122115.00000000001,113625.1,99203.90000000001,93737.8,88155.40000000001,94319.3,97110.5,94900.8,92342.20000000001,94900.8,101181.0,103158.1,108740.50000000001,107693.8,107810.1,102576.6,89667.3,89667.3,86178.3,82224.1,84550.1,89318.40000000001,92807.40000000001,95366.0,99436.5,109205.70000000001,109670.90000000001,106647.1,101995.1,100134.3,92458.5,96877.90000000001,93737.8,89783.6,85015.3,79781.8,6550.0
89,Malaysia,,,,,,,,,,,,6361.610000000001,6291.830000000001,6094.120000000001,6722.14,6896.59,7315.27,7187.34,9013.25,10292.550000000001,10025.060000000001,10432.11,10327.44,11746.300000000001,11862.6,11595.11,12676.7,12444.1,12676.7,13490.800000000001,14072.300000000001,16863.5,18142.800000000003,19189.5,18608.0,19654.7,21166.600000000002,23957.800000000003,22213.300000000003,21980.7,24539.300000000003,25004.5,25237.100000000002,26516.4,28028.300000000003,29772.800000000003,29307.600000000002,31517.300000000003,32331.4,30121.7,30238.000000000004,31052.100000000002,31168.4,34657.4,34890.0,
90,Maldives,,,,,,,,,,,,,,,,,,,,,,,,,,,,,,,2651.6400000000003,,,,,,,,,,,,,,9338.890000000001,8187.52,10222.77,10373.960000000001,,,,,,,,
91,Malta,,,,,,,,,,,,8094.4800000000005,10152.99,9815.720000000001,9013.25,8001.4400000000005,9048.140000000001,9571.49,11048.5,10560.04,11746.300000000001,13141.900000000001,14653.800000000001,10990.35,14537.500000000002,11862.6,19538.4,20352.5,21748.100000000002,23027.4,22794.800000000003,21515.5,21050.300000000003,26632.7,23957.800000000003,21864.4,21399.2,23841.5,20817.7,22562.2,20119.9,23260.0,21515.5,24074.100000000002,24074.100000000002,25353.4,23957.800000000003,25120.800000000003,23725.2,21980.7,23376.300000000003,23143.7,24306.7,20934.0,20701.4,
92,Marshall Islands,,,,,,,,,,,,,,,,,,,,,,,,,,,,,,,,,,,,,,,,,,,,,6187.160000000001,6105.75,6256.9400000000005,6640.7300000000005,,,,,,,,
93,Mauritius,,,,,,,,,,,,5047.42,5059.05,5105.570000000001,5221.870000000001,5221.870000000001,5349.8,5524.25,5535.88,5442.84,5186.9800000000005,5059.05,4826.450000000001,4954.38,5024.160000000001,5035.79,5710.330000000001,5954.56,5977.820000000001,6524.43,7315.27,7373.42,7652.540000000001,7896.77,7652.540000000001,8106.110000000001,8164.26,8292.19,8722.5,9013.25,9897.130000000001,10315.810000000001,10152.99,10571.67,10699.6,11001.980000000001,11746.300000000001,11746.300000000001,11978.900000000001,11618.37,12211.5,12211.5,12444.1,12676.7,12909.300000000001,
94,Mexico,,,,,,,,,,,,9420.300000000001,10106.470000000001,10850.79,11222.95,11536.960000000001,11978.900000000001,12676.7,13839.7,14770.1,16282.000000000002,16979.800000000003,17445.0,16049.400000000001,16398.300000000003,16630.9,15816.800000000001,16282.000000000002,16165.7,16630.9,17096.100000000002,17677.600000000002,17445.0,17445.0,17561.300000000003,16747.2,16863.5,17445.0,17677.600000000002,17910.2,17677.600000000002,18026.5,17793.9,18608.0,18608.0,19654.7,19771.0,19305.800000000003,18840.600000000002,18608.0,17793.9,18491.7,18956.9,18840.600000000002,18142.800000000003,1540.0
95,Moldova,,,,,,,,,,,,,,,,,,,,,,,,,,,,,,,38727.9,32215.100000000002,26749.0,23841.5,20003.600000000002,18608.0,16049.400000000001,15351.6,14188.6,12327.800000000001,11467.18,12211.5,12327.800000000001,13490.800000000001,13607.1,14072.300000000001,13956.000000000002,13607.1,13607.1,12909.300000000001,14304.900000000001,14072.300000000001,13839.7,12444.1,13490.800000000001,
96,Mongolia,,,,,,,,,,,,,,,,,,,,,,,,,,18840.600000000002,19771.0,20352.5,21050.300000000003,19538.4,18142.800000000003,20003.600000000002,17328.7,16049.400000000001,13723.400000000001,13607.1,11397.400000000001,11071.76,11060.130000000001,10978.720000000001,11630.0,11606.740000000002,12327.800000000001,11862.6,12095.2,13839.7,15467.900000000001,16049.400000000001,15816.800000000001,16165.7,16863.5,18142.800000000003,19654.7,21282.9,21282.9,
97,Montenegro,,,,,,,,,,,,,,,,,,,,,,,,,,,,,,,,,,,,,,,,,,,,,,20352.5,22213.300000000003,22445.9,24074.100000000002,19189.5,22097.0,21166.600000000002,19887.300000000003,18375.4,17910.2,
98,Morocco,,,,,,,,,,,,2105.03,2221.33,2407.4100000000003,2546.9700000000003,2593.4900000000002,2733.05,2942.3900000000003,3047.0600000000004,3174.9900000000002,3140.1000000000004,3081.9500000000003,3128.4700000000003,3186.6200000000003,3209.88,3198.25,3221.51,3244.7700000000004,3337.8100000000004,3558.78,3570.4100000000003,3686.71,3837.9,3907.6800000000003,4128.650000000001,4023.9800000000005,4163.54,4233.320000000001,4268.21,4477.55,4454.29,4663.63,4686.89,4617.110000000001,5419.58,5663.81,5698.700000000001,5815.0,5966.1900000000005,5931.3,6140.64,6524.43,6524.43,6466.280000000001,6454.650000000001,
99,Mozambique,,,,,,,,,,,,8687.61,8327.08,8175.89,7920.030000000001,7640.910000000001,7338.530000000001,7245.490000000001,6861.700000000001,6710.51,6722.14,6396.5,6256.9400000000005,6059.2300000000005,5884.780000000001,5803.370000000001,5721.96,5675.4400000000005,5617.29,5535.88,5303.280000000001,5140.46,5024.160000000001,4931.12,4779.93,4721.780000000001,4663.63,4675.26,4605.4800000000005,4582.22,4710.150000000001,4814.820000000001,4733.410000000001,4849.71,4896.2300000000005,4814.820000000001,4826.450000000001,4896.2300000000005,4849.71,4896.2300000000005,4919.490000000001,4977.64,4942.75,4977.64,5152.09,
100,Myanmar,,,,,,,,,,,,3291.2900000000004,3268.03,3151.73,3198.25,3186.6200000000003,3233.1400000000003,3221.51,3198.25,3186.6200000000003,3198.25,3174.9900000000002,3174.9900000000002,3151.73,3198.25,3361.07,3372.7000000000003,3174.9900000000002,3093.5800000000004,3128.4700000000003,3000.5400000000004,2919.13,2965.65,2907.5,3058.69,3128.4700000000003,3093.5800000000004,3116.84,3163.36,3140.1000000000004,3198.25,3093.5800000000004,3163.36,3395.96,3558.78,3535.5200000000004,3558.78,3675.0800000000004,3523.8900000000003,3314.55,3221.51,3268.03,3547.15,3721.6000000000004,4291.47,
101,Namibia,,,,,,,,,,,,,,,,,,,,,,,,,,,,,,,,5466.1,5663.81,5954.56,6268.570000000001,6710.51,7059.410000000001,7059.410000000001,7222.2300000000005,7071.040000000001,6605.84,7710.6900000000005,7036.150000000001,7222.2300000000005,7454.830000000001,7954.920000000001,7838.620000000001,7920.030000000001,8280.560000000001,8280.560000000001,8443.380000000001,8559.68,8722.5,9048.140000000001,9234.220000000001,
102,Nepal,,,,,,,,,,,,3454.11,3477.3700000000003,3500.63,3500.63,3489.0000000000005,3477.3700000000003,3489.0000000000005,3477.3700000000003,3523.8900000000003,3535.5200000000004,3512.26,3523.8900000000003,3558.78,3558.78,3512.26,3547.15,3535.5200000000004,3547.15,3512.26,3558.78,3582.0400000000004,3570.4100000000003,3570.4100000000003,3593.67,3616.9300000000003,3616.9300000000003,3651.82,3675.0800000000004,3803.01,3942.57,4000.7200000000003,3977.4600000000005,4035.61,4035.61,4128.650000000001,4070.5000000000005,4105.39,4198.43,4291.47,4396.14,4547.33,4349.62,4849.71,5047.42,
103,Netherlands,21282.9,21864.4,24190.4,26400.100000000002,27330.500000000004,28958.7,30354.300000000003,32098.800000000003,35355.200000000004,39076.8,43845.100000000006,44891.8,50939.4,53614.3,52335.0,50241.600000000006,55126.200000000004,53032.8,54195.8,56638.100000000006,52916.5,49660.100000000006,44077.700000000004,45822.200000000004,48264.5,48613.4,50241.600000000006,51055.700000000004,50241.600000000006,50241.600000000006,51055.700000000004,53498.0,52335.0,52451.3,52451.3,55591.4,58266.3,56289.200000000004,56289.200000000004,55009.9,55126.200000000004,56289.200000000004,56638.100000000006,58382.600000000006,59196.700000000004,58033.700000000004,57335.9,57103.3,56405.50000000001,54893.600000000006,58498.9,53963.200000000004,54079.5,53498.0,50357.9,4230.0
104,New Zealand,19654.7,20468.800000000003,20817.7,22329.600000000002,25353.4,26051.2,26632.7,25469.7,26981.600000000002,27563.100000000002,28609.800000000003,27795.7,30470.600000000002,30935.800000000003,33494.4,32215.100000000002,34075.9,35587.8,35238.9,32912.9,33610.700000000004,33145.5,35006.3,35820.4,37797.5,40123.5,40239.8,40123.5,41984.3,44775.5,44775.5,43728.8,44310.3,46171.100000000006,47217.8,47101.5,48031.9,49543.8,48380.8,50125.3,51520.9,51288.3,50474.200000000004,48846.0,49311.200000000004,47683.0,47101.5,47101.5,47450.4,47334.100000000006,49194.9,48613.4,50706.8,50706.8,53032.8,4440.0
105,Nicaragua,,,,,,,,,,,,5710.330000000001,5652.18,5942.93,6047.6,6105.75,6349.9800000000005,6780.290000000001,6349.9800000000005,5198.610000000001,5466.1,5454.47,5431.21,5500.990000000001,5896.410000000001,6012.71,5873.150000000001,5803.370000000001,5373.06,5628.92,5628.92,5838.26,5884.780000000001,5663.81,5605.660000000001,5652.18,5640.55,5803.370000000001,5733.59,5721.96,5768.4800000000005,5733.59,5861.52,5919.67,6105.75,6117.38,5977.820000000001,6001.080000000001,5977.820000000001,5931.3,5908.04,6024.34,6384.870000000001,6745.400000000001,6931.4800000000005,
106,Niger,,,,,,,,,,,,,,,,,,,,,,,,,,,,,,,,,,,,,,,,,1511.9,1500.2700000000002,1500.2700000000002,1511.9,1523.5300000000002,1477.01,1465.38,1477.01,1488.64,1511.9,1570.0500000000002,1314.19,1488.64,1802.65,1744.5000000000002,
107,Nigeria,,,,,,,,,,,,6733.77,6803.55,6943.110000000001,6978.000000000001,7071.040000000001,7233.860000000001,7396.68,7512.9800000000005,7594.39,7733.950000000001,7873.51,8047.960000000001,8071.22,7885.14,7943.290000000001,7815.360000000001,7873.51,7896.77,7966.55,8117.740000000001,8292.19,8396.86,8327.08,7920.030000000001,7943.290000000001,8071.22,8141.000000000001,8001.4400000000005,8082.85,8187.52,8373.6,8431.75,8687.61,8710.87,8815.54,8664.35,8734.130000000001,8757.390000000001,8396.86,8792.28,9059.77,9292.37,9071.400000000001,8885.32,
108,North Korea,,,,,,,,,,,,15235.300000000001,15467.900000000001,15351.6,15700.500000000002,15933.1,16630.9,17212.4,18259.100000000002,19305.800000000003,20236.2,20468.800000000003,21050.300000000003,21515.5,21631.800000000003,22213.300000000003,21515.5,20468.800000000003,20468.800000000003,20119.9,19073.2,17910.2,15351.6,13956.000000000002,12560.400000000001,11746.300000000001,10164.62,9583.12,8873.69,9420.300000000001,10001.800000000001,10246.03,9745.94,9897.130000000001,10048.320000000002,10385.59,10420.480000000001,8803.91,9652.900000000001,9478.45,8955.1,6594.21,6687.25,5059.05,5524.25,
109,North Macedonia,,,,,,,,,,,,,,,,,,,,,,,,,,,,,,,14421.2,14188.6,15816.800000000001,16282.000000000002,14537.500000000002,14653.800000000001,17328.7,15584.2,16747.2,15584.2,15235.300000000001,14653.800000000001,14304.900000000001,15816.800000000001,15584.2,15816.800000000001,16514.600000000002,16979.800000000003,16979.800000000003,15816.800000000001,16165.7,17561.300000000003,16630.9,15119.000000000002,14653.800000000001,
110,Norway,22213.300000000003,22562.2,23841.5,25353.4,26981.600000000002,29540.2,31517.300000000003,32796.600000000006,35471.5,37099.700000000004,39774.600000000006,39658.3,40705.0,41984.3,41635.4,42449.5,46054.8,47217.8,50706.8,51986.100000000006,52218.700000000004,51288.3,49543.8,51520.9,54312.100000000006,56056.600000000006,58382.600000000006,58731.50000000001,56056.600000000006,57917.4,57801.100000000006,59429.3,60010.8,63499.8,61871.600000000006,62685.700000000004,60476.00000000001,63732.4,66058.40000000001,68733.3,67802.90000000001,69198.5,63965.00000000001,68965.90000000001,67105.1,67454.0,67802.90000000001,68151.8,78502.5,75362.40000000001,80595.90000000001,65709.5,68733.3,74664.6,65128.00000000001,5820.0
111,Oman,,,,,,,,,,,,1314.19,1302.5600000000002,1395.6000000000001,2058.51,3151.73,4733.410000000001,8862.060000000001,6256.9400000000005,8978.36,11595.11,9338.890000000001,13374.5,11630.0,18259.100000000002,16398.300000000003,14770.1,16398.300000000003,15351.6,17096.100000000002,27097.9,35820.4,31982.500000000004,33261.8,32680.300000000003,32215.100000000002,32564.000000000004,34890.0,35122.600000000006,36285.600000000006,38844.200000000004,38960.5,40239.8,41868.0,41868.0,45822.200000000004,69547.40000000001,77455.8,66174.70000000001,63965.00000000001,71524.5,78735.1,78735.1,75478.70000000001,70245.20000000001,
112,Pakistan,,,,,,,,,,,,3314.55,3314.55,3384.3300000000004,3489.0000000000005,3547.15,3477.3700000000003,3523.8900000000003,3547.15,3640.19,3686.71,3826.2700000000004,3919.3100000000004,4000.7200000000003,3989.09,4070.5000000000005,4117.02,4372.88,4454.29,4570.59,4640.37,4617.110000000001,4779.93,4896.2300000000005,4954.38,5035.79,5140.46,5128.83,5093.9400000000005,5233.5,5233.5,5186.9800000000005,5117.200000000001,5233.5,5477.7300000000005,5547.51,5652.18,5815.0,5594.030000000001,5547.51,5512.620000000001,5431.21,5384.6900000000005,5396.320000000001,5349.8,
113,Palau,,,,,,,,,,,,,,,,,,,,,,,,,,,,,,,56754.4,,,,,,,,,,,,,,,,,,,,,,,,,
114,Panama,,,,,,,,,,,,12327.800000000001,13490.800000000001,14304.900000000001,13723.400000000001,11269.470000000001,10874.050000000001,10467.0,10001.800000000001,10443.740000000002,8303.82,8652.720000000001,9257.480000000001,9664.53,8652.720000000001,8175.89,8129.370000000001,8501.53,7745.580000000001,7140.820000000001,7012.89,7454.830000000001,8315.45,8268.93,8524.79,8478.27,8873.69,9036.51,10269.29,9932.02,9862.24,10967.09,9769.2,9606.380000000001,9292.37,10176.25,10676.34,10269.29,10106.470000000001,10955.460000000001,11525.33,12327.800000000001,12444.1,12095.2,12560.400000000001,
115,Paraguay,,,,,,,,,,,,6280.200000000001,6291.830000000001,6640.7300000000005,6431.39,6140.64,6373.240000000001,6745.400000000001,7338.530000000001,7245.490000000001,7617.650000000001,7396.68,7326.900000000001,7280.38,7198.97,7140.820000000001,7233.860000000001,8117.740000000001,8443.380000000001,8943.470000000001,8466.640000000001,8513.16,8268.93,8373.6,8931.84,9559.86,9559.86,10164.62,9815.720000000001,9176.07,8408.49,8396.86,8164.26,8187.52,8129.370000000001,7908.400000000001,8024.700000000001,8199.150000000001,8478.27,8466.640000000001,8943.470000000001,8955.1,9048.140000000001,8827.17,9106.29,
116,Peru,,,,,,,,,,,,7675.8,7466.460000000001,7571.13,7792.1,7803.7300000000005,7722.320000000001,7792.1,7373.42,7164.080000000001,7466.460000000001,7326.900000000001,7280.38,6536.06,6536.06,6222.05,6198.79,6222.05,5977.820000000001,5407.950000000001,5128.83,4931.12,4698.52,4931.12,5012.530000000001,5256.76,5303.280000000001,5047.42,5210.240000000001,5466.1,5373.06,5117.200000000001,5093.9400000000005,4942.75,5419.58,5698.700000000001,5477.7300000000005,5884.780000000001,6117.38,6361.610000000001,7478.09,7547.870000000001,8059.59,7954.920000000001,9187.7,
117,Philippines,,,,,,,,,,,,4838.08,4733.410000000001,5117.200000000001,4989.27,5140.46,5245.13,5314.910000000001,5256.76,5419.58,5500.990000000001,5384.6900000000005,5373.06,5687.070000000001,4977.64,5093.9400000000005,4954.38,5047.42,5198.610000000001,5326.54,5396.320000000001,5256.76,5361.43,5233.5,5477.7300000000005,5605.660000000001,5663.81,5826.63,5861.52,5884.780000000001,5966.1900000000005,5594.030000000001,5547.51,5454.47,5326.54,5233.5,5105.570000000001,5024.160000000001,5128.83,4803.1900000000005,5000.900000000001,4954.38,5175.35,5268.39,5512.620000000001,
118,Poland,21282.9,21980.7,23027.4,23027.4,23608.9,24306.7,24888.2,25586.0,26632.7,28377.2,29656.500000000004,30586.9,31284.7,32331.4,33494.4,35238.9,36750.8,37797.5,40588.700000000004,41519.100000000006,41402.8,37797.5,39658.3,38960.5,37332.3,38960.5,40239.8,41170.200000000004,40705.0,37913.8,31517.300000000003,30703.2,29889.100000000002,30470.600000000002,29075.000000000004,30005.4,31168.4,30703.2,28609.800000000003,27912.000000000004,26981.600000000002,27214.2,26865.300000000003,27679.4,27679.4,28028.300000000003,29540.2,29423.9,29772.800000000003,28726.100000000002,30703.2,30819.500000000004,29889.100000000002,29889.100000000002,28726.100000000002,2490.0
119,Portugal,3919.3100000000004,4256.58,4221.6900000000005,4593.85,4768.3,5128.83,5256.76,5663.81,5780.110000000001,6745.400000000001,7722.320000000001,8443.380000000001,8664.35,9292.37,9583.12,9827.35,10141.36,9827.35,10664.710000000001,11606.740000000002,11862.6,11746.300000000001,13025.6,13025.6,13025.6,12676.7,14072.300000000001,14421.2,15119.000000000002,18375.4,19538.4,19771.0,21050.300000000003,20817.7,21282.9,23376.300000000003,23143.7,24190.4,26051.2,27795.7,27795.7,27795.7,28842.4,27912.000000000004,28609.800000000003,29307.600000000002,27795.7,27912.000000000004,27214.2,26749.0,25818.600000000002,25120.800000000003,23725.2,23957.800000000003,23608.9,2130.0
120,Qatar,,,,,,,,,,,,90132.5,90714.0,117463.00000000001,93156.3,144212.0,102344.0,110717.6,98273.5,159331.0,172124.0,194221.0,201199.0,187243.0,191895.0,176776.0,175613.0,170961.0,169798.0,167472.0,159331.0,172124.0,176776.0,181428.0,180265.0,184917.0,191895.0,220970.00000000003,224459.00000000003,230274.00000000003,213992.0,227948.00000000003,247719.00000000003,240741.00000000003,257023.00000000003,224459.00000000003,223296.00000000003,211666.0,183754.0,169798.0,173287.0,179102.0,201199.0,201199.0,208177.0,
121,Romania,,,,,,,,,,,,23957.800000000003,24771.9,26749.0,26632.7,28260.9,30121.7,31866.2,33959.600000000006,33494.4,34192.200000000004,33727.0,33494.4,33610.700000000004,33261.8,33261.8,33959.600000000006,35238.9,35238.9,34773.700000000004,31168.4,25934.9,23841.5,23260.0,21980.7,23841.5,24539.300000000003,23143.7,21166.600000000002,18724.300000000003,18724.300000000003,19305.800000000003,20468.800000000003,21282.9,20934.0,21050.300000000003,21864.4,22097.0,22445.9,19887.300000000003,20119.9,20701.4,20236.2,18608.0,18491.7,
122,Russia,,,,,,,,,,,,,,,,,,,,,,,,,,,,,,,68965.90000000001,68151.8,62220.50000000001,58847.8,51520.9,49892.700000000004,49427.5,47334.100000000006,46287.4,48148.200000000004,49078.600000000006,49892.700000000004,49892.700000000004,51869.8,52218.700000000004,52800.200000000004,54544.700000000004,54777.3,56056.600000000006,52683.9,56056.600000000006,58731.50000000001,60127.100000000006,59080.4,57452.200000000004,
123,Samoa,,,,,,,,,,,,,,,,,,,,,,,,,,,,,,,3093.5800000000004,,,,,,,,,,,,,,3651.82,3686.71,3663.4500000000003,3709.9700000000003,,,,,,,,
124,Sao Tome and Principe,,,,,,,,,,,,,,,,,,,,,,,,,,,,,,,2291.11,,,,,,,,,,,,,,2872.61,3174.9900000000002,3163.36,3081.9500000000003,,,,,,,,
125,Saudi Arabia,,,,,,,,,,,,14072.300000000001,11374.140000000001,12560.400000000001,13374.5,13723.400000000001,15119.000000000002,16049.400000000001,23027.4,28609.800000000003,37332.3,47683.0,50125.3,51520.9,42798.4,40821.3,38727.9,44194.0,48497.100000000006,46636.3,41519.100000000006,46868.9,51753.5,52335.0,53614.3,52683.9,55242.50000000001,51637.200000000004,54079.5,53846.9,55126.200000000004,55126.200000000004,59313.00000000001,58266.3,60243.4,59894.50000000001,64430.200000000004,64779.100000000006,70361.5,72803.8,78618.8,73269.0,79898.1,74315.70000000001,80363.3,
126,Senegal,,,,,,,,,,,,3291.2900000000004,3244.7700000000004,3291.2900000000004,3291.2900000000004,3279.6600000000003,3256.4,3268.03,3198.25,3256.4,3256.4,3140.1000000000004,3023.8,2942.3900000000003,3000.5400000000004,2802.8300000000004,2849.3500000000004,2942.3900000000003,2721.42,2616.75,2605.1200000000003,2512.0800000000004,2593.4900000000002,2512.0800000000004,2419.04,2500.4500000000003,2488.82,2581.86,2663.27,2744.6800000000003,2849.3500000000004,3000.5400000000004,2977.28,2826.09,2942.3900000000003,2930.76,2860.98,2988.9100000000003,3035.4300000000003,3547.15,3512.26,3616.9300000000003,3489.0000000000005,3128.4700000000003,3244.7700000000004,
127,Serbia,,,,,,,,,,,,,,,,,,,,,,,,,,,,,,,30238.000000000004,25586.0,23492.600000000002,19887.300000000003,18259.100000000002,21050.300000000003,25353.4,26749.0,26749.0,19654.7,21282.9,23143.7,24655.600000000002,25818.600000000002,28144.600000000002,25120.800000000003,26749.0,26167.5,26632.7,24074.100000000002,24888.2,26051.2,23492.600000000002,24190.4,21631.800000000003,
128,Seychelles,,,,,,,,,,,,,,,,,,,,,,,,,,,,,,,6291.830000000001,,,,,,,,,,,,,,36053.0,31982.500000000004,33378.100000000006,28028.300000000003,,,,,,,,
129,Singapore,,,,,,,,,,,,15002.7,18259.100000000002,19887.300000000003,20934.0,19073.2,19654.7,20468.800000000003,25702.300000000003,24771.9,24771.9,24655.600000000002,23143.7,25586.0,28609.800000000003,28726.100000000002,30586.9,32098.800000000003,34657.4,33727.0,43961.4,48497.100000000006,53381.700000000004,63848.700000000004,75129.8,62220.50000000001,62336.8,67686.6,59080.4,53381.700000000004,53846.9,59894.50000000001,58964.100000000006,72338.6,85713.1,58847.8,61173.8,54428.4,59196.700000000004,49543.8,58266.3,58964.100000000006,56987.00000000001,56754.4,59545.600000000006,
130,Slovak Republic,,,,,,,,,,,,36401.9,37448.600000000006,38844.200000000004,40239.8,41170.200000000004,42216.9,43961.4,45705.9,46171.100000000006,46287.4,45008.100000000006,43612.5,43845.100000000006,45705.9,46752.600000000006,46287.4,47334.100000000006,47799.3,47450.4,46752.600000000006,41984.3,39658.3,38727.9,37913.8,38611.600000000006,39076.8,39076.8,37913.8,38030.100000000006,38262.700000000004,40239.8,40472.4,40356.100000000006,39774.600000000006,40705.0,40356.100000000006,38611.600000000006,39658.3,36169.3,38495.3,37332.3,35820.4,36401.9,34192.200000000004,3000.0
131,Slovenia,,,,,,,,,,,,,,,,,,,,,,,,,,,,,,,33261.8,32331.4,30005.4,31633.600000000002,32912.9,35471.5,36983.4,38495.3,37797.5,37681.200000000004,37448.600000000006,39309.4,39774.600000000006,40239.8,41519.100000000006,42449.5,42449.5,42216.9,44659.200000000004,40705.0,41635.4,41519.100000000006,39774.600000000006,38727.9,37681.200000000004,3170.0
132,Solomon Islands,,,,,,,,,,,,,,,,,,,,,,,,,,,,,,,1988.7300000000002,,,,,,,,,,,,,,1465.38,1430.49,1430.49,1511.9,,,,,,,,
133,South Africa,,,,,,,,,,,,23260.0,23027.4,23957.800000000003,24190.4,24888.2,25120.800000000003,25004.5,25818.600000000002,25934.9,26632.7,28493.500000000004,30121.7,29889.100000000002,31517.300000000003,30703.2,31284.7,31633.600000000002,32098.800000000003,30121.7,28726.100000000002,29307.600000000002,26632.7,27912.000000000004,28144.600000000002,29075.000000000004,29075.000000000004,29423.9,28726.100000000002,28609.800000000003,28144.600000000002,28609.800000000003,27679.4,29307.600000000002,31633.600000000002,31168.4,30586.9,32331.4,34308.5,33145.5,32215.100000000002,31633.600000000002,30703.2,30238.000000000004,31401.000000000004,
134,South Korea,,,,,,,,,,,,6001.080000000001,6408.13,7350.160000000001,7850.250000000001,8059.59,8815.54,10071.58,10874.050000000001,12327.800000000001,12560.400000000001,12211.5,12793.0,13607.1,14653.800000000001,15119.000000000002,17212.4,18375.4,20468.800000000003,21631.800000000003,25237.100000000002,26865.300000000003,29423.9,32680.300000000003,34424.8,37332.3,40123.5,43379.9,39309.4,43147.3,46520.0,46868.9,48497.100000000006,49194.9,50357.9,50706.8,51288.3,53032.8,53846.9,54079.5,58731.50000000001,60708.600000000006,61057.50000000001,60824.9,61522.700000000004,5410.0
135,South Sudan,,,,,,,,,,,,,,,,,,,,,,,,,,,,,,,,,,,,,,,,,,,,,,,,,,,,,740.8310000000001,760.6020000000001,771.0690000000001,
136,Spain,6175.530000000001,6489.540000000001,7036.150000000001,7257.120000000001,7954.920000000001,8315.45,9199.33,10246.03,11560.220000000001,12211.5,13025.6,14421.2,15119.000000000002,17096.100000000002,18375.4,18724.300000000003,19887.300000000003,19305.800000000003,20468.800000000003,20585.100000000002,21050.300000000003,21166.600000000002,20468.800000000003,20701.4,21050.300000000003,21399.2,21864.4,22329.600000000002,24074.100000000002,26400.100000000002,26981.600000000002,27912.000000000004,28260.9,26981.600000000002,28377.2,29540.2,28958.7,30586.9,32098.800000000003,33494.4,34890.0,35587.8,36169.3,36750.8,37681.200000000004,37797.5,37099.700000000004,36983.4,35238.9,32098.800000000003,31866.2,31284.7,31168.4,29191.300000000003,28609.800000000003,2570.0
137,Sri Lanka,,,,,,,,,,,,3465.7400000000002,3616.9300000000003,3628.5600000000004,3384.3300000000004,3477.3700000000003,3430.8500000000004,3337.8100000000004,3454.11,3523.8900000000003,3512.26,3523.8900000000003,3675.0800000000004,3640.19,3698.34,3593.67,3663.4500000000003,3744.86,3744.86,3709.9700000000003,3698.34,3709.9700000000003,3768.1200000000003,3930.94,3733.2300000000005,3826.2700000000004,4256.58,4384.51,4431.030000000001,4710.150000000001,5152.09,4954.38,5000.900000000001,5256.76,5280.02,5361.43,5361.43,5431.21,5303.280000000001,5233.5,5594.030000000001,5966.1900000000005,6408.13,5663.81,6001.080000000001,
138,St. Kitts and Nevis,,,,,,,,,,,,,,,,,,,,,,,,,,,,,,,6245.31,,,,,,,,,,,,,,19073.2,19654.7,19422.100000000002,20236.2,,,,,,,,
139,St. Lucia,,,,,,,,,,,,,,,,,,,,,,,,,,,,,,,4710.150000000001,,,,,,,,,,,,,,8629.460000000001,8757.390000000001,8373.6,8885.32,,,,,,,,
140,St. Vincent and the Grenadines,,,,,,,,,,,,,,,,,,,,,,,,,,,,,,,3186.6200000000003,,,,,,,,,,,,,,7071.040000000001,7175.71,7501.35,7501.35,,,,,,,,
141,Sudan,,,,,,,,,,,,5710.330000000001,5640.55,5640.55,5524.25,5361.43,5198.610000000001,5186.9800000000005,5093.9400000000005,4966.01,5093.9400000000005,4966.01,5012.530000000001,5000.900000000001,4826.450000000001,4884.6,4814.820000000001,4617.110000000001,4791.56,4663.63,4791.56,4640.37,4500.81,4233.320000000001,4745.04,4617.110000000001,4593.85,4558.96,4489.18,4838.08,4454.29,4535.700000000001,4779.93,4512.4400000000005,4384.51,4349.62,4535.700000000001,4256.58,4210.06,4233.320000000001,4210.06,4082.13,4419.400000000001,4419.400000000001,4431.030000000001,
142,Suriname,,,,,,,,,,,,,,,,,,,,,,,,,,,,,,,,,,,,,,,,,15584.2,16514.600000000002,11385.77,11978.900000000001,13025.6,14770.1,13839.7,12909.300000000001,13490.800000000001,13374.5,15816.800000000001,15235.300000000001,16747.2,14653.800000000001,14537.500000000002,
143,Swaziland,,,,,,,,,,,,,,,,,,,,,,,,,,,,,,,4361.25,,,,,,,,,,,,,,4605.4800000000005,4500.81,4558.96,4721.780000000001,,,,,,,,
144,Sweden,31401.000000000004,31866.2,33610.700000000004,35820.4,38030.100000000006,40007.200000000004,42333.200000000004,42216.9,46520.0,50009.0,54428.4,51753.5,52683.9,55475.100000000006,52451.3,55358.8,59894.50000000001,58731.50000000001,58382.600000000006,60824.9,56638.100000000006,59313.00000000001,56754.4,57452.200000000004,60708.600000000006,65825.8,68384.40000000001,66988.8,68035.5,65011.700000000004,64081.3,65709.5,62453.100000000006,61987.9,65825.8,66291.0,67802.90000000001,65942.1,67105.1,65825.8,62336.8,66058.40000000001,67454.0,65709.5,68035.5,66407.3,64313.9,63616.100000000006,62569.4,56754.4,63150.9,61290.100000000006,61290.100000000006,59894.50000000001,57801.100000000006,5100.0
145,Switzerland,16282.000000000002,16863.5,18259.100000000002,21748.100000000002,21166.600000000002,22562.2,22911.100000000002,23725.2,25237.100000000002,27097.9,29772.800000000003,30703.2,31749.9,34890.0,32331.4,31517.300000000003,32796.600000000006,33494.4,34890.0,35355.200000000004,36867.100000000006,35936.700000000004,34657.4,36867.100000000006,37681.200000000004,39658.3,41170.200000000004,39890.9,40007.200000000004,38844.200000000004,42216.9,42333.200000000004,41984.3,40588.700000000004,40588.700000000004,39774.600000000006,40356.100000000006,41053.9,41402.8,41286.5,40472.4,42682.100000000006,41286.5,41170.200000000004,41053.9,40588.700000000004,42100.600000000006,39658.3,40705.0,40472.4,38960.5,37332.3,37216.0,38379.0,35587.8,2960.0
146,Syria,,,,,,,,,,,,4210.06,3384.3300000000004,3395.96,4221.6900000000005,4710.150000000001,5163.72,5547.51,5861.52,7350.160000000001,5815.0,6698.88,7757.210000000001,8582.94,9536.6,8548.050000000001,8501.53,9152.810000000001,9199.33,8955.1,9780.83,10350.7,9618.01,9397.04,9536.6,9804.09,10071.58,10629.820000000002,11525.33,11176.43,10943.83,10990.35,11199.69,11048.5,11281.1,13141.900000000001,13141.900000000001,13258.2,13025.6,11746.300000000001,11746.300000000001,10978.720000000001,8443.380000000001,6908.22,6710.51,
147,Tajikistan,,,,,,,,,,,,,,,,,,,,,,,,,,,,,,,11630.0,10920.570000000002,8757.390000000001,6745.400000000001,5093.9400000000005,4489.18,4268.21,4198.43,4337.990000000001,4256.58,4023.9800000000005,3907.6800000000003,3849.53,3849.53,4093.76,4012.3500000000004,4058.8700000000003,4244.950000000001,3954.2000000000003,3372.7000000000003,3361.07,3291.2900000000004,3465.7400000000002,3756.4900000000002,3954.2000000000003,
148,Tanzania,,,,,,,,,,,,6303.46,6163.900000000001,6001.080000000001,5791.740000000001,5617.29,5500.990000000001,5326.54,5233.5,5117.200000000001,5024.160000000001,4942.75,4861.34,4814.820000000001,4756.67,4710.150000000001,4686.89,4628.740000000001,4570.59,4535.700000000001,4489.18,4431.030000000001,4337.990000000001,4314.7300000000005,4244.950000000001,4326.360000000001,4268.21,4198.43,4372.88,4535.700000000001,4675.26,4803.1900000000005,4919.490000000001,4966.01,5128.83,5210.240000000001,5256.76,5291.650000000001,5314.910000000001,5303.280000000001,5419.58,5559.14,5733.59,5756.85,5780.110000000001,
149,Thailand,,,,,,,,,,,,4198.43,4279.84,4524.070000000001,4489.18,4768.3,5047.42,5256.76,5338.17,5512.620000000001,5396.320000000001,5349.8,5314.910000000001,4791.56,5186.9800000000005,5524.25,5698.700000000001,6187.160000000001,6931.4800000000005,7640.910000000001,8629.460000000001,9257.480000000001,9757.570000000002,10211.140000000001,11188.060000000001,12095.2,13374.5,13490.800000000001,12444.1,13141.900000000001,13374.5,13607.1,14886.400000000001,16049.400000000001,17212.4,17561.300000000003,17793.9,18491.7,18840.600000000002,18724.300000000003,20352.5,20236.2,21631.800000000003,23143.7,22911.100000000002,
150,Timor-Leste,,,,,,,,,,,,,,,,,,,,,,,,,,,,,,,,,,,,,,,,,,,,,694.311,678.029,674.5400000000001,685.0070000000001,,,,,,,,
151,Togo,,,,,,,,,,,,3872.7900000000004,3861.1600000000003,3768.1200000000003,3686.71,3756.4900000000002,3675.0800000000004,3814.6400000000003,3837.9,3896.05,3791.38,3744.86,3803.01,3582.0400000000004,3582.0400000000004,3523.8900000000003,3721.6000000000004,3814.6400000000003,3779.7500000000005,3791.38,3896.05,3896.05,3861.1600000000003,3803.01,4198.43,4314.7300000000005,4698.52,4489.18,4640.37,5140.46,4989.27,4838.08,4884.6,5024.160000000001,4954.38,4919.490000000001,4779.93,4826.450000000001,4896.2300000000005,5791.740000000001,5640.55,5524.25,5361.43,5361.43,5373.06,
152,Tonga,,,,,,,,,,,,,,,,,,,,,,,,,,,,,,,3105.21,,,,,,,,,,,,,,6617.47,6570.950000000001,6512.8,6570.950000000001,,,,,,,,
153,Trinidad and Tobago,,,,,,,,,,,,32098.800000000003,32215.100000000002,31284.7,31168.4,26749.0,29191.300000000003,32680.300000000003,38727.9,39542.0,41053.9,42914.700000000004,42449.5,43263.600000000006,48148.200000000004,50590.5,52335.0,48729.700000000004,53032.8,51172.0,56987.00000000001,56289.200000000004,61522.700000000004,58498.9,58615.200000000004,56987.00000000001,67221.40000000001,63267.200000000004,73385.3,85480.5,90248.8,100483.20000000001,108856.8,120952.00000000001,126767.00000000001,144212.0,160494.0,169798.0,163983.0,165146.0,175613.0,172124.0,166309.0,168635.0,167472.0,
154,Tunisia,,,,,,,,,,,,3721.6000000000004,3977.4600000000005,4058.8700000000003,4419.400000000001,4465.92,4663.63,4942.75,5303.280000000001,5617.29,5966.1900000000005,5989.450000000001,5721.96,6326.72,6512.8,6605.84,6349.9800000000005,6303.46,6466.280000000001,6291.830000000001,6978.000000000001,6757.030000000001,7350.160000000001,7012.89,7431.570000000001,7396.68,7617.650000000001,7745.580000000001,8338.710000000001,8524.79,8757.390000000001,9152.810000000001,9210.960000000001,9385.41,9815.720000000001,9571.49,9978.54,10199.51,10525.150000000001,10118.1,11246.210000000001,10629.820000000002,10978.720000000001,11060.130000000001,11048.5,
155,Turkey,4524.070000000001,4477.55,4779.93,4907.860000000001,5047.42,5186.9800000000005,5559.14,5628.92,5780.110000000001,5954.56,6070.860000000001,6361.610000000001,7012.89,7559.500000000001,7640.910000000001,7920.030000000001,8420.12,9036.51,8792.28,8187.52,8315.45,8199.150000000001,8513.16,8815.54,8966.730000000001,9304.0,9827.35,10687.970000000001,10560.04,10781.01,11374.140000000001,11025.240000000002,11188.060000000001,11630.0,11350.880000000001,12211.5,13141.900000000001,13607.1,13607.1,13141.900000000001,13956.000000000002,12676.7,13258.2,13723.400000000001,13956.000000000002,14421.2,15700.500000000002,16747.2,16282.000000000002,15933.1,17096.100000000002,18026.5,18375.4,17910.2,18259.100000000002,1650.0
156,Turkmenistan,,,,,,,,,,,,,,,,,,,,,,,,,,,,,,,55358.8,46636.3,30935.800000000003,30470.600000000002,37564.9,37797.5,32447.7,31982.500000000004,33029.200000000004,38611.600000000006,38262.700000000004,38611.600000000006,39890.9,44077.700000000004,45589.600000000006,46868.9,47450.4,53381.700000000004,53381.700000000004,46171.100000000006,51869.8,55475.100000000006,56405.50000000001,56754.4,56870.700000000004,
157,Ukraine,,,,,,,,,,,,,,,,,,,,,,,,,,,,,,,56521.8,56405.50000000001,48962.3,43379.9,37099.700000000004,36983.4,34192.200000000004,33029.200000000004,31517.300000000003,31633.600000000002,31633.600000000002,31982.500000000004,32680.300000000003,35238.9,35238.9,35238.9,34192.200000000004,34890.0,33843.3,28958.7,33610.700000000004,32215.100000000002,31284.7,29656.500000000004,27097.9,
158,United Arab Emirates,,,,,,,,,,,,42449.5,36983.4,38495.3,33378.100000000006,41053.9,44891.8,65011.700000000004,66407.3,69547.40000000001,82456.70000000001,94086.70000000001,96529.0,88155.40000000001,108507.90000000001,116300.00000000001,125604.00000000001,131419.0,126767.00000000001,138397.0,130256.00000000001,140723.0,126767.00000000001,125604.00000000001,132582.0,133745.0,133745.0,134908.0,130256.00000000001,126767.00000000001,117463.00000000001,141886.0,133745.0,123278.00000000001,119789.00000000001,112811.00000000001,101413.6,94551.90000000001,97343.1,88039.1,83968.6,83619.70000000001,86992.40000000001,88388.0,88969.5,
159,United Kingdom,35238.9,35006.3,35936.700000000004,37216.0,37332.3,38727.9,38495.3,38960.5,39658.3,41402.8,42798.4,43379.9,43612.5,45124.4,43379.9,41286.5,42100.600000000006,43031.0,42798.4,44891.8,40937.600000000006,39774.600000000006,39542.0,39309.4,39193.100000000006,41286.5,41868.0,42100.600000000006,42333.200000000004,42216.9,41868.0,43147.3,42798.4,43147.3,43379.9,43379.9,45124.4,43728.8,44077.700000000004,43961.4,44077.700000000004,43961.4,42914.700000000004,43379.9,42914.700000000004,42914.700000000004,41868.0,40007.200000000004,39076.8,36634.5,37564.9,34541.100000000006,35355.200000000004,34773.700000000004,32331.4,2760.0
160,United States,65593.20000000001,65244.3,67105.1,69663.70000000001,71408.20000000001,73385.3,76641.70000000001,79200.3,82224.1,85247.90000000001,88039.1,88853.20000000001,92342.20000000001,94900.8,91993.3,89085.8,94203.0,96412.70000000001,98157.20000000001,96877.90000000001,92342.20000000001,88969.5,84433.8,83736.0,86527.20000000001,86759.8,85829.40000000001,88620.6,91295.5,91760.70000000001,89202.1,88736.90000000001,89318.40000000001,89667.3,90248.8,90248.8,91179.20000000001,91062.90000000001,90714.0,92109.6,93737.8,91062.90000000001,91179.20000000001,90597.70000000001,91644.40000000001,91295.5,89551.0,90248.8,87108.70000000001,82107.8,83270.8,81758.90000000001,79898.1,80363.3,80944.8,6810.0
161,Uruguay,,,,,,,,,,,,9978.54,10152.99,9838.980000000001,9676.16,10048.320000000002,10152.99,10106.470000000001,10280.92,10908.94,10548.41,10094.84,8908.58,8199.150000000001,7826.990000000001,7710.6900000000005,7908.400000000001,8361.970000000001,8896.95,9071.400000000001,8420.12,9071.400000000001,9943.650000000001,9210.960000000001,8734.130000000001,9280.74,10152.99,10246.03,10478.630000000001,11374.140000000001,10827.53,9478.45,8873.69,8827.17,10048.320000000002,10350.7,11129.91,11048.5,14421.2,14304.900000000001,14188.6,15235.300000000001,15933.1,15816.800000000001,16165.7,
162,Uzbekistan,,,,,,,,,,,,,,,,,,,,,,,,,,,,,,,26283.800000000003,26632.7,24539.300000000003,25004.5,24190.4,21864.4,22097.0,22097.0,24190.4,24539.300000000003,23957.800000000003,23841.5,24539.300000000003,23492.600000000002,22794.800000000003,20934.0,21166.600000000002,20701.4,21166.600000000002,18491.7,17561.300000000003,18724.300000000003,18956.9,16514.600000000002,,
163,Vanuatu,,,,,,,,,,,,,,,,,,,,,,,,,,,,,,,1849.17,,,,,,,,,,,,,,1709.6100000000001,1663.0900000000001,1686.3500000000001,1849.17,,,,,,,,
164,Venezuela,,,,,,,,,,,,17677.600000000002,16630.9,17793.9,20468.800000000003,20352.5,20468.800000000003,21282.9,22329.600000000002,22562.2,25004.5,26051.2,25353.4,26632.7,25237.100000000002,24423.0,24888.2,24306.7,22911.100000000002,22911.100000000002,23492.600000000002,23957.800000000003,26167.5,23841.5,26981.600000000002,24888.2,25934.9,25353.4,26167.5,24423.0,24655.600000000002,25004.5,26632.7,24074.100000000002,25237.100000000002,24771.9,27214.2,24771.9,27330.500000000004,26981.600000000002,29656.500000000004,27097.9,28958.7,26865.300000000003,,
165,Vietnam,,,,,,,,,,,,3454.11,3407.59,3477.3700000000003,3198.25,3314.55,2919.13,2965.65,2977.28,3012.17,3081.9500000000003,3047.0600000000004,3093.5800000000004,3116.84,3081.9500000000003,3047.0600000000004,3128.4700000000003,3233.1400000000003,3186.6200000000003,3047.0600000000004,3058.69,3035.4300000000003,3105.21,3302.92,3244.7700000000004,3395.96,3535.5200000000004,3756.4900000000002,3954.2000000000003,4023.9800000000005,4186.8,4419.400000000001,4768.3,4966.01,5454.47,5721.96,5815.0,6187.160000000001,6559.320000000001,7082.67,7792.1,7710.6900000000005,7757.210000000001,7675.8,,
166,Yemen,,,,,,,,,,,,1360.71,1049.026,1732.8700000000001,1407.23,1186.26,1407.23,1477.01,1511.9,1488.64,1860.8000000000002,1767.7600000000002,2011.9900000000002,2046.88,2070.1400000000003,2105.03,2198.07,2512.0800000000004,2570.23,2535.34,2500.4500000000003,2895.8700000000003,3000.5400000000004,2465.56,2453.9300000000003,2663.27,2628.38,2698.1600000000003,2802.8300000000004,3070.32,3174.9900000000002,3419.2200000000003,3221.51,3465.7400000000002,3686.71,3814.6400000000003,3965.8300000000004,3768.1200000000003,3861.1600000000003,4175.17,3930.94,3233.1400000000003,2837.7200000000003,3826.2700000000004,,
167,Zambia,,,,,,,,,,,,9722.68,10013.43,10234.400000000001,10304.18,9420.300000000001,10129.730000000001,9629.640000000001,9385.41,9129.550000000001,9187.7,9013.25,8920.210000000001,8769.02,8594.57,8466.640000000001,8338.710000000001,8245.67,8420.12,8175.89,7885.14,7896.77,7826.990000000001,7640.910000000001,7512.9800000000005,7454.830000000001,7198.97,7303.64,7175.71,6989.63,6978.000000000001,7012.89,7071.040000000001,7117.56,7140.820000000001,7187.34,7152.450000000001,6966.370000000001,7012.89,6989.63,7024.52,7198.97,7326.900000000001,7501.35,,
168,Zimbabwe,,,,,,,,,,,,11548.59,11362.51,11606.740000000002,11362.51,10932.2,11176.43,10513.52,10118.1,9966.91,10187.880000000001,9978.54,9699.42,9583.12,9397.04,9699.42,9897.130000000001,10432.11,10222.77,10141.36,10362.33,10734.490000000002,10862.42,10211.140000000001,9978.54,10025.060000000001,9873.87,9687.79,9827.35,10420.480000000001,9792.460000000001,9734.310000000001,9536.6,9106.29,8862.060000000001,9257.480000000001,9420.300000000001,9152.810000000001,8420.12,8478.27,8664.35,9245.85,9583.12,9827.35,,
